,Sector,Subsector,Label,Description,Scope,Unit,2017,2018,2019,2020,2025,2030,2035,2040,2045,2050,Remarks
0,"Total Energy, Gas, Oil & Coal Sector - ",Coal ,OECM  GHG,Coal Scope 1: ,1,[Mt CO2 equiv./a],3.820617421678164,3.8185800665133818,3.6010836616642097,3.507455486460941,3.738961262434866,3.3115719771822105,1.7726270352632092,0.2701665668196048,0.05979685933133849,0,
1,"Total Energy, Gas, Oil & Coal Sector - ",Coal ,OECM  GHG,Coal Scope 2: Electricity - own sector use,2,[Mt CO2 equiv./a],2.8143149512250005,3.05467020315,2.584721749825,2.51751898432955,2.003674560922994,1.7746406185081587,0.9499343393165504,0.1447797500838041,0.03204458068850638,0,
2,"Total Energy, Gas, Oil & Coal Sector - ",Coal ,OECM  GHG,Coal Scope 3: Total CO2 equivalent,3,[Mt CO2 equiv./a],84.75234038209716,69.20058509376241,63.96996668128444,62.076741234822954,20.354743086183177,16.730683978566578,9.541426170409926,0.4473486711379252,0.12249204114999632,0,
3,"Total Energy, Gas, Oil & Coal Sector - ",Coal ,OECM  CO2,Coal Scope 1: ,1,[Mt CO2/a],0.9715919901000004,0.8637151986000002,0.7840180581000008,0.7636335885894016,0.814036391181921,0.7209863682003166,0.3859314963208469,0.05881992394021803,0.05979685933133849,0,
4,"Total Energy, Gas, Oil & Coal Sector - ",Coal ,OECM  CO2,Coal Scope 2: Electricity - own sector use,2,[Mt CO2/a],2.8143149512250005,3.05467020315,2.584721749825,2.51751898432955,2.003674560922994,1.7746406185081587,0.9499343393165504,0.1447797500838041,0.03204458068850638,0,
5,"Total Energy, Gas, Oil & Coal Sector - ",Coal ,OECM  CO2,Coal Scope 3: Total CO2,3,[Mt CO2/a],83.81993174481384,68.68974101739089,63.7338205696334,62.076741234822954,19.250695806471725,16.154704024782983,9.001180874452855,0.3868281348557413,0.0722202829735621,0,
6,"Total Energy, Gas, Oil & Coal Sector - ",Coal ,Production Centric  GHG,Coal Scope 1: ,1,[Mt CO2 equiv./a],87.64054916649201,72.50832108390426,67.33490423129761,65.58419672128389,22.98965706890659,19.466276001965195,10.773807909716064,0.6569947016753461,0.13201714230490058,0,
7,"Total Energy, Gas, Oil & Coal Sector - ",Coal ,Production Centric  GHG,Coal Scope 2: Electricity - own sector use,2,[Mt CO2 equiv./a],2.8143149512250005,3.05467020315,2.584721749825,2.51751898432955,2.003674560922994,1.7746406185081587,0.9499343393165504,0.1447797500838041,0.03204458068850638,0,
8,"Total Energy, Gas, Oil & Coal Sector - ",Coal ,Production Centric  GHG,Coal Scope 3: Total CO2 equivalent,3,[Mt CO2 equiv./a],0.0,0,0.0,0,0,0,0,0,0,0,
9,"Total Energy, Gas, Oil & Coal Sector - ",Coal ,Production Centric  CO2,Coal Scope 1: ,1,[Mt CO2/a],85.72393237219715,70.06430029236242,64.75398473938444,62.840374823412354,21.1687794773651,17.451670346766896,9.927357666730773,0.5061685950781433,0.13551084935834792,0,
10,"Total Energy, Gas, Oil & Coal Sector - ",Coal ,Production Centric  CO2,Coal Scope 2: Electricity - own sector use,2,[Mt CO2/a],2.8143149512250005,3.05467020315,2.584721749825,2.51751898432955,2.003674560922994,1.7746406185081587,0.9499343393165504,0.1447797500838041,0.03204458068850638,0,
11,"Total Energy, Gas, Oil & Coal Sector - ",Coal ,Production Centric  CO2,Coal Scope 3: Total CO2 ,3,[Mt CO2/a],0.0,0,0.0,0,0,0,0,0,0,0,
12,"Total Energy, Gas, Oil & Coal Sector - ",Coal,Total,Coal - total CO2 emissions,Total,[Mt CO2/a],88.57295780377532,73.01916516027579,63.96996668128444,62.076741234822954,20.354743086183177,16.730683978566578,9.541426170409926,0.4473486711379252,0.12249204114999632,0,
13,"Total Energy, Gas, Oil & Coal Sector - ",Oil ,OECM  GHG,Oil Scope 1: ,1,[Mt CO2 equiv./a],30.11605094527296,30.6822607894688,34.06117248129432,33.17583255234521,26.51203954004255,23.690716930243227,11.7589466561727,7.162897608818432,4.991359587699879,4.76745364843985,
14,"Total Energy, Gas, Oil & Coal Sector - ",Oil ,OECM  GHG,Oil Scope 2: Electricity - own sector use,2,[Mt CO2 equiv./a],9.88415997,9.907380060000001,9.780479835,9.52618735929,7.612787500151712,6.8026601063185765,3.376517373695747,2.0567869664995233,1.4332416719812666,1.3689483031880434,
15,"Total Energy, Gas, Oil & Coal Sector - ",Oil ,OECM  GHG,Oil Scope 3: Total CO2 equivalent,3,[Mt CO2 equiv./a],248.63680399373882,252.92845086751254,251.92496455602347,244.05047278867463,196.3043545416645,171.09387950754675,65.10843020254579,25.4682213894923,3.880196048819867,0,
16,"Total Energy, Gas, Oil & Coal Sector - ",Oil ,OECM  CO2,Oil Scope 1: ,1,[Mt CO2/a],30.11605094527296,30.6822607894688,34.06117248129432,33.17583255234521,26.51203954004255,23.690716930243227,11.7589466561727,7.162897608818432,4.991359587699879,4.76745364843985,
17,"Total Energy, Gas, Oil & Coal Sector - ",Oil ,OECM  CO2,Oil Scope 2: Electricity - own sector use,2,[Mt CO2/a],9.88415997,9.907380060000001,9.780479835,9.52618735929,7.612787500151712,6.8026601063185765,3.376517373695747,2.0567869664995233,1.4332416719812666,1.3689483031880434,
18,"Total Energy, Gas, Oil & Coal Sector - ",Oil ,OECM  CO2,Oil Scope 3: Total CO2 ,3,[Mt CO2/a],244.53423200475797,250.19862895503573,250.56163653187912,244.05047278867463,189.98051599137415,164.47931063827704,60.71501244998104,21.65315011329384,3.880196048819867,0,
19,"Total Energy, Gas, Oil & Coal Sector - ",Oil ,Production Centric  GHG,Oil Scope 1: ,1,[Mt CO2 equiv./a],278.7528549390118,283.6107116569813,285.98613703731775,277.22630534101984,222.81639408170707,194.78459643778996,76.8673768587185,32.63111899831073,8.871555636519746,4.76745364843985,
20,"Total Energy, Gas, Oil & Coal Sector - ",Oil ,Production Centric  GHG,Oil Scope 2: Electricity - own sector use,2,[Mt CO2 equiv./a],9.88415997,9.907380060000001,9.780479835,9.52618735929,7.612787500151712,6.8026601063185765,3.376517373695747,2.0567869664995233,1.4332416719812666,1.3689483031880434,
21,"Total Energy, Gas, Oil & Coal Sector - ",Oil ,Production Centric  GHG,Oil Scope 3: Total CO2 equivalent,3,[Mt CO2 equiv./a],0.0,0,0.0,0,0,0,0,0,0,0,
22,"Total Energy, Gas, Oil & Coal Sector - ",Oil,Production Centric  CO2,Oil Scope 1: ,1,[Mt CO2/a],252.69525204975795,258.4118038650357,262.50670661437914,255.68497104902963,199.2781457341476,172.7875177087129,64.8388118283348,24.16513979826714,3.9416861281391204,1.671920365541108,
23,"Total Energy, Gas, Oil & Coal Sector - ",Oil ,Production Centric  CO2,Oil Scope 2: Electricity - own sector use,2,[Mt CO2/a],9.88415997,9.907380060000001,9.780479835,9.52618735929,7.612787500151712,6.8026601063185765,3.376517373695747,2.0567869664995233,1.4332416719812666,1.3689483031880434,
24,"Total Energy, Gas, Oil & Coal Sector - ",Oil ,Production Centric  CO2,Oil Scope 3: Total CO2,3,[Mt CO2/a],0.0,0,0.0,0,0,0,0,0,0,0,
25,"Total Energy, Gas, Oil & Coal Sector - ",Oil,Total,Oil - total CO2 emissions,Total,[Mt CO2/a],284.5344429200309,290.7882698045045,284.6228090131734,277.22630534101984,216.4925555314167,188.17002756852025,72.47395910615374,28.816047722112273,8.871555636519746,4.76745364843985,
26,"Total Energy, Gas, Oil & Coal Sector - ",Gas ,OECM  GHG,Gas Scope 1: ,1,[Mt CO2 equiv./a],583.6807668150386,622.3168873506695,631.3279024067908,599.4039016608,428.8420638415627,308.5525136697161,248.9342891244106,130.9771686611963,53.047950334398124,20.54872582704755,
27,"Total Energy, Gas, Oil & Coal Sector - ",Gas ,OECM  GHG,Gas Scope 2: Electricity - own sector use,2,[Mt CO2 equiv./a],6.972134412320001,6.876777723200001,6.723541322960002,5.9533902259664,4.20317676264989,3.02419203913007,2.439860516717075,1.2837364572468977,0.5199347987330942,0.20140264722310355,
28,"Total Energy, Gas, Oil & Coal Sector - ",Gas ,OECM  GHG,Gas Scope 3: Total CO2 equivalent,3,[Mt CO2 equiv./a],191.81200668446695,202.1779501412507,206.14326707775712,177.68055380117056,129.1599252565498,93.92184854588078,78.06446891374937,44.87530189134984,24.681179566462646,5.873966187183171,
29,"Total Energy, Gas, Oil & Coal Sector - ",Gas ,OECM  CO2,Gas Scope 1: ,1,[Mt CO2/a],79.07107818456001,84.20099690464002,84.70666512000001,75.0039016608,52.953803564518985,38.10034177114029,30.73862980856598,16.173178532421893,6.550408596452205,2.537375138061664,
30,"Total Energy, Gas, Oil & Coal Sector - ",Gas ,OECM  CO2,Gas Scope 2: Electricity - own sector use,2,[Mt CO2/a],6.972134412320001,6.876777723200001,6.723541322960002,5.9533902259664,4.20317676264989,3.02419203913007,2.439860516717075,1.2837364572468977,0.5199347987330942,0.20140264722310355,
31,"Total Energy, Gas, Oil & Coal Sector - ",Gas ,OECM  CO2,Gas Scope 3: Total CO2,3,[Mt CO2/a],188.36075934043487,199.7611308165682,204.91399855678708,177.68055380117056,124.06168822778754,89.59047779233627,71.85844456417348,37.54711015990446,24.681179566462646,5.873966187183171,
32,"Total Energy, Gas, Oil & Coal Sector - ",Gas ,Production Centric  GHG,Gas Scope 1: ,1,[Mt CO2 equiv./a],775.4927734995056,824.4948374919202,837.471169484548,777.0844554619705,558.0019890981125,402.4743622155969,326.99875803815996,175.85247055254612,77.72912990086077,26.422692014230723,
33,"Total Energy, Gas, Oil & Coal Sector - ",Gas ,Production Centric  GHG,Gas Scope 2: Electricity - own sector use,2,[Mt CO2 equiv./a],6.972134412320001,6.876777723200001,6.723541322960002,5.9533902259664,4.20317676264989,3.02419203913007,2.439860516717075,1.2837364572468977,0.5199347987330942,0.20140264722310355,
34,"Total Energy, Gas, Oil & Coal Sector - ",Gas ,Production Centric  GHG,Gas Scope 3: Total CO2 equivalent,3,[Mt CO2 equiv./a],0.0,0,0.0,0,0,0,0,0,0,0,
35,"Total Energy, Gas, Oil & Coal Sector - ",Gas ,Production Centric  CO2,Gas Scope 1: ,1,[Mt CO2/a],267.4318375249949,283.9621277212082,289.6206636767871,252.68445546197057,177.01549179230653,127.69081956347657,102.59707437273946,53.720288692326356,21.73804346870149,8.411341325244836,
36,"Total Energy, Gas, Oil & Coal Sector - ",Gas ,Production Centric  CO2,Gas Scope 2: Electricity - own sector use,2,[Mt CO2/a],6.972134412320001,6.876777723200001,6.723541322960002,5.9533902259664,4.20317676264989,3.02419203913007,2.439860516717075,1.2837364572468977,0.5199347987330942,0.20140264722310355,
37,"Total Energy, Gas, Oil & Coal Sector - ",Gas ,Production Centric  CO2,Gas Scope 3: Total CO2 ,3,[Mt CO2/a],0.0,0,0.0,0,0,0,0,0,0,0,
38,"Total Energy, Gas, Oil & Coal Sector - ",Gas,Total,Gas - total CO2 emissions,Total,[Mt CO2/a],673.5677772099809,720.0500477777222,732.1795539631485,686.1427007258478,490.24850491941044,350.8717625034085,282.2330793678382,145.85973981697302,55.6941608001046,18.01135068898589,
39,Energy Industry,Energy Industry - ,OECM  GHG,Energy Industry - Scope 1: Total CO2 equivalent,1,[Mt CO2 equiv./a],617.6174351819898,656.8177282066517,668.9901585497494,636.0871896996061,459.09306464404017,335.5548025771416,262.46586281584655,138.41023283683433,58.09910678142934,25.316179475487402,
40,Energy Industry,Energy Industry - ,OECM  GHG,Energy Industry - Scope 2: Total CO2 equivalent,2,[Mt CO2 equiv./a],19.670609333545002,19.83882798635,19.088742907785,17.99709656958595,13.819638823724596,11.601492763956806,6.7663122297293725,3.485303173830225,1.9852210514028672,1.570350950411147,
41,Energy Industry,Energy Industry - ,OECM  GHG,Energy Industry - Scope 3: Total CO2 equivalent,3,[Mt CO2 equiv./a],525.2011510603029,524.3069861025257,522.0381983150651,483.80776782466813,345.8190228843975,281.7464120319941,152.71432528670508,70.79087195198007,28.68386765643251,5.873966187183171,
42,Energy Industry,Energy Industry - ,OECM  CO2,Energy Industry - Scope 1: Total CO2 (energy-only),1,[Mt CO2/a],110.15872111993296,115.74697289270883,119.55185565939433,108.94336780173461,80.27987949574346,62.512045069583834,42.88350796105953,23.394896065180543,11.601565043483422,7.304828786501513,
43,Energy Industry,Energy Industry - ,OECM  CO2,Energy Industry - Scope 2: Total CO2 (energy-only),2,[Mt CO2/a],19.670609333545002,19.83882798635,19.088742907785,17.99709656958595,13.819638823724596,11.601492763956806,6.7663122297293725,3.485303173830225,1.9852210514028672,1.570350950411147,
44,Energy Industry,Energy Industry - ,OECM  CO2,Energy Industry - Scope 3: Total CO2 (energy-only),3,[Mt CO2/a],516.7149230900067,518.6495007889948,519.2094556582996,483.80776782466813,333.2929000256334,270.2244924553963,141.57463788860736,59.58708840805404,28.633595898256075,5.873966187183171,
45,Energy Industry,Energy Industry - ,Production Centric  GHG,Energy Industry - Scope 1: Total CO2 equivalent,1,[Mt CO2 equiv./a],1141.8861776050094,1180.6138702328058,1190.7922107531633,1119.894957524274,803.8080402487262,616.7252346553521,414.63994280659455,209.14058425253222,86.73270267968542,31.190145662670574,
46,Energy Industry,Energy Industry - ,Production Centric  GHG,Energy Industry - Scope 2: Total CO2 equivalent,2,[Mt CO2 equiv./a],19.670609333545002,19.83882798635,19.088742907785,17.99709656958595,13.819638823724596,11.601492763956806,6.7663122297293725,3.485303173830225,1.9852210514028672,1.570350950411147,
47,Energy Industry,Energy Industry - ,Production Centric  GHG,Energy Industry - Scope 3: Total CO2 equivalent,3,[Mt CO2 equiv./a],0.0,0,0.0,0,0,0,0,0,0,0,
48,Energy Industry,Energy Industry - ,Production Centric  CO2,Energy Industry - Scope 1: Total CO2 (energy-only),1,[Mt CO2/a],605.85102194695,612.4382318786063,616.8813550305507,571.2098013344125,397.46241700381927,317.9300076189563,177.363243867805,78.39159708567163,25.81524044619896,10.083261690785944,
49,Energy Industry,Energy Industry - ,Production Centric  CO2,Energy Industry - Scope 2: Total CO2 (energy-only),2,[Mt CO2/a],19.670609333545002,19.83882798635,19.088742907785,17.99709656958595,13.819638823724596,11.601492763956806,6.7663122297293725,3.485303173830225,1.9852210514028672,1.570350950411147,
50,Energy Industry,Energy Industry - ,Production Centric  CO2,Energy Industry - Scope 3: Total CO2 (energy-only),3,[Mt CO2/a],0.0,0,0.0,0,0,0,0,0,0,0,
51,Energy Industry,Energy Industry -,Total,Total energy-related CO2 emissions OECM,Total,[Mt CO2/a],958.1022201300118,1010.8383175822266,1080.7723296576064,1025.4457473016905,706.4650284402587,555.7724740504954,354.06150457280296,175.1231362102232,63.66971600647518,22.77880433742574,
52,Total Utilities Sector,Power Utilities - ,OECM  GHG,Power Utilities - Scope 1: Total CO2 equivalent,1,[Mt CO2 equiv./a],10.842912542,11.887783575360004,11.829368443200003,11.5218048636768,1.9343143810435897,1.8918788482517037,1.2059216375962256,0.35819655746883755,0.023586785458601982,0,
53,Total Utilities Sector,Power Utilities - ,OECM  GHG,Power Utilities - Scope 2: Total CO2 equivalent,2,[Mt CO2 equiv./a],1.0670498804491986,1.2225365771234438,1.2334870334663566,1.1023205460075511,0.49292327836756705,0.313787118343689,0.1503465263332419,0.012610881018740085,0.0039769014600000005,0.0029498401349999995,
54,Total Utilities Sector,Power Utilities - ,OECM  GHG,Power Utilities - Scope 3: Total CO2 equivalent,3,[Mt CO2 equiv./a],136.79007475750464,127.19207654972078,123.62122829838177,120.4115468112355,52.36312038396535,21.404569890663193,13.957465817177596,1.2215916602870156,0.023586785458601982,0,
55,Total Utilities Sector,Power Utilities - ,OECM  CO2,Power Utilities - Scope 1: Total CO2 (energy-only),1,[Mt CO2/a],10.842912542,11.887783575360004,11.829368443200003,11.5218048636768,1.9343143810435897,1.8918788482517037,1.2059216375962256,0.35819655746883755,0.023586785458601982,0,
56,Total Utilities Sector,Power Utilities - ,OECM  CO2,Power Utilities - Scope 2: Total CO2 (energy-only),2,[Mt CO2/a],1.0670498804491986,1.2225365771234438,1.2334870334663566,1.1023205460075511,0.49292327836756705,0.313787118343689,0.1503465263332419,0.012610881018740085,0.0039769014600000005,0.0029498401349999995,
57,Total Utilities Sector,Power Utilities - ,OECM  CO2,Power Utilities - Scope 3: Total CO2 (energy-only),3,[Mt CO2/a],125.94716221550465,115.30429297436078,111.79185985518177,108.88974194755869,50.42880600292176,19.51269104241149,12.751544179581371,0.863395102818178,0,0,
58,Total Utilities Sector,Power Utilities - ,Production Centric  GHG,Power Utilities - Scope 1: Total CO2 equivalent,1,[Mt CO2 equiv./a],136.79007475750464,127.19207654972078,123.62122829838177,120.4115468112355,52.36312038396535,21.404569890663193,13.957465817177596,1.2215916602870156,0.023586785458601982,0,
59,Total Utilities Sector,Power Utilities - ,Production Centric  GHG,Power Utilities - Scope 2: Total CO2 equivalent,2,[Mt CO2 equiv./a],1.0670498804491986,1.2225365771234438,1.2334870334663566,1.1023205460075511,0.49292327836756705,0.313787118343689,0.1503465263332419,0.012610881018740085,0.0039769014600000005,0.0029498401349999995,
60,Total Utilities Sector,Power Utilities - ,Production Centric  GHG,Power Utilities - Scope 3: Total CO2 equivalent,3,[Mt CO2 equiv./a],0.0,0,0.0,0,0,0,0,0,0,0,
61,Total Utilities Sector,Power Utilities - ,Production Centric  CO2,Power Utilities - Scope 1: Total CO2 (energy-only),1,[Mt CO2/a],127.01421209595385,116.52682955148423,113.02534688864813,109.99206249356624,50.92172928128933,19.82647816075518,12.901890705914614,0.8760059838369181,0.0039769014600000005,0.0029498401349999995,
62,Total Utilities Sector,Power Utilities - ,Production Centric  CO2,Power Utilities - Scope 2: Total CO2 (energy-only),2,[Mt CO2/a],1.0670498804491986,1.2225365771234438,1.2334870334663566,1.1023205460075511,0.49292327836756705,0.313787118343689,0.1503465263332419,0.012610881018740085,0.0039769014600000005,0.0029498401349999995,
63,Total Utilities Sector,Power Utilities - ,Production Centric  CO2,Power Utilities - Scope 3: Total CO2 (energy-only),3,[Mt CO2/a],0.0,0,0.0,0,0,0,0,0,0,0,
64,Total Utilities Sector,Gas Utilities - ,OECM  GHG,Gas Utilities - Scope 1: Total CO2 equivalent,1,[Mt CO2 equiv./a],22.725149195468976,23.127277264065977,25.48830738165119,21.387808799687072,12.456197318692762,9.290158250766268,7.073676733887353,3.4605024345095323,1.38198697064999,0.5261917339492086,
65,Total Utilities Sector,Gas Utilities - ,OECM  GHG,Gas Utilities - Scope 2: Total CO2 equivalent,2,[Mt CO2 equiv./a],8.313327683812592,7.80219573111558,10.10614615114938,6.928805275004061,2.403663927779142,1.7294398322070499,1.3952791053089268,0.7341283008792615,0.2973342762115823,0.11517580759182698,
66,Total Utilities Sector,Gas Utilities - ,OECM  GHG,Gas Utilities - Scope 3: Total CO2 equivalent,3,[Mt CO2 equiv./a],177.2464059185222,190.772820888254,194.53668229430036,170.35607797664585,120.82524873080817,85.2056795900217,68.23137973858292,32.99384398808118,9.960350694926909,0.29584011876555477,
67,Total Utilities Sector,Gas Utilities - ,OECM  CO2,Gas Utilities - Scope 1: Total CO2 (energy-only),1,[Mt CO2/a],14.436831856449038,14.288613707504632,16.509941763708536,12.774431548889018,6.282155766609722,4.847926014190909,3.4897684040361345,1.5748234168206878,0.6182553378817663,0.23035161518365388,
68,Total Utilities Sector,Gas Utilities - ,OECM  CO2,Gas Utilities - Scope 2: Total CO2 (energy-only),2,[Mt CO2/a],8.313327683812592,7.80219573111558,10.10614615114938,6.928805275004061,2.403663927779142,1.7294398322070499,1.3952791053089268,0.7341283008792615,0.2973342762115823,0.11517580759182698,
69,Total Utilities Sector,Gas Utilities - ,OECM  CO2,Gas Utilities - Scope 3: Total CO2 (energy-only),3,[Mt CO2/a],168.9580885795023,181.93415733169263,185.55831667635772,161.74270072584778,114.65120717872513,80.76344735344634,64.6474714087317,31.108164970392334,9.196619062158685,0,
70,Total Utilities Sector,Gas Utilities - ,Production Centric  GHG,Gas Utilities - Scope 1: Total CO2 equivalent,1,[Mt CO2 equiv./a],199.9715551139912,213.90009815231997,220.02498967595156,191.74388677633291,133.28144604950094,94.49583784078797,75.30505647247027,36.45434642259072,11.342337665576899,0.8220318527147634,
71,Total Utilities Sector,Gas Utilities - ,Production Centric  GHG,Gas Utilities - Scope 2: Total CO2 equivalent,2,[Mt CO2 equiv./a],8.313327683812592,7.80219573111558,10.10614615114938,6.928805275004061,2.403663927779142,1.7294398322070499,1.3952791053089268,0.7341283008792615,0.2973342762115823,0.11517580759182698,
72,Total Utilities Sector,Gas Utilities - ,Production Centric  GHG,Gas Utilities - Scope 3: Total CO2 equivalent,3,[Mt CO2 equiv./a],0.0,0,0.0,0,0,0,0,0,0,0,
73,Total Utilities Sector,Gas Utilities - ,Production Centric  CO2,Gas Utilities - Scope 1: Total CO2 (energy-only),1,[Mt CO2/a],183.39492043595132,196.22277103919726,202.06825844006624,174.5171322747368,120.93336294533485,85.61137336763724,68.13723981276785,32.68298838721302,9.814874400040452,0.23035161518365388,
74,Total Utilities Sector,Gas Utilities - ,Production Centric  CO2,Gas Utilities - Scope 2: Total CO2 (energy-only),2,[Mt CO2/a],8.313327683812592,7.80219573111558,10.10614615114938,6.928805275004061,2.403663927779142,1.7294398322070499,1.3952791053089268,0.7341283008792615,0.2973342762115823,0.11517580759182698,
75,Total Utilities Sector,Gas Utilities - ,Production Centric  CO2,Gas Utilities - Scope 3: Total CO2 (energy-only),3,[Mt CO2/a],0.0,0,0.0,0,0,0,0,0,0,0,
76,Total Utilities Sector,Utilities - ,OECM  GHG,Utilities - Scope 1: Total CO2 equivalent,1,[Mt CO2 equiv./a],33.56806173746898,35.015060839425985,37.31767582485119,32.90961366336387,14.390511699736352,11.182037099017972,8.27959837148358,3.81869899197837,1.4055737561085921,0.5261917339492086,
77,Total Utilities Sector,Utilities - ,OECM  GHG,Utilities - Scope 2: Total CO2 equivalent,2,[Mt CO2 equiv./a],9.38037756426179,9.024732308239024,11.339633184615737,8.031125821011612,2.896587206146709,2.0432269505507388,1.5456256316421688,0.7467391818980016,0.30131117767158233,0.11812564772682699,
78,Total Utilities Sector,Utilities - ,OECM  GHG,Utilities - Scope 3: Total CO2 equivalent,3,[Mt CO2 equiv./a],314.0364806760268,317.96489743797474,318.15791059268213,290.76762478788135,173.18836911477354,106.6102494806849,82.18884555576051,34.2154356483682,9.98393748038551,0.29584011876555477,
79,Total Utilities Sector,Utilities - ,OECM  CO2,Utilities - Scope 1: Total CO2 (energy-only),1,[Mt CO2/a],25.27974439844904,26.176397282864635,28.33931020690854,24.29623641256582,8.216470147653311,6.739804862442613,4.695690041632361,1.9330199742895253,0.6418421233403683,0.23035161518365388,
80,Total Utilities Sector,Utilities - ,OECM  CO2,Utilities - Scope 2: Total CO2 (energy-only),2,[Mt CO2/a],9.38037756426179,9.024732308239024,11.339633184615737,8.031125821011612,2.896587206146709,2.0432269505507388,1.5456256316421688,0.7467391818980016,0.30131117767158233,0.11812564772682699,
81,Total Utilities Sector,Utilities - ,OECM  CO2,Utilities - Scope 3: Total CO2 (energy-only),3,[Mt CO2/a],294.90525079500696,297.23845030605344,297.3501765315395,270.63244267340644,165.0800131816469,100.27613839585783,77.39901558831308,31.97156007321051,9.196619062158685,0,
82,Total Utilities Sector,Utilities - ,Production Centric  GHG,Utilities - Scope 1: Total CO2 equivalent,1,[Mt CO2 equiv./a],336.76162987149587,341.0921747020408,343.64621797433335,312.1554335875684,185.6445664334663,115.90040773145117,89.26252228964786,37.675938082877735,11.3659244510355,0.8220318527147634,
83,Total Utilities Sector,Utilities - ,Production Centric  GHG,Utilities - Scope 2: Total CO2 equivalent,2,[Mt CO2 equiv./a],9.38037756426179,9.024732308239024,11.339633184615737,8.031125821011612,2.896587206146709,2.0432269505507388,1.5456256316421688,0.7467391818980016,0.30131117767158233,0.11812564772682699,
84,Total Utilities Sector,Utilities - ,Production Centric  GHG,Utilities - Scope 3: Total CO2 equivalent,3,[Mt CO2 equiv./a],0.0,0,0.0,0,0,0,0,0,0,0,
85,Total Utilities Sector,Utilities - ,Production Centric  CO2,Utilities - Scope 1: Total CO2 (energy-only),1,[Mt CO2/a],310.4091325319052,312.7496005906815,315.0936053287144,284.509194768303,171.85509222662418,105.43785152839243,81.03913051868246,33.55899437104994,9.818851301500452,0.23330145531865387,
86,Total Utilities Sector,Utilities - ,Production Centric  CO2,Utilities - Scope 2: Total CO2 (energy-only),2,[Mt CO2/a],9.38037756426179,9.024732308239024,11.339633184615737,8.031125821011612,2.896587206146709,2.0432269505507388,1.5456256316421688,0.7467391818980016,0.30131117767158233,0.11812564772682699,
87,Total Utilities Sector,Utilities - ,Production Centric  CO2,Utilities - Scope 3: Total CO2 (energy-only),3,[Mt CO2/a],0.0,0,0.0,0,0,0,0,0,0,0,
88,Total Utilities Sector,Utilities -,Total,Power Sector - total CO2 emissions incl. process,Total,[Mt CO2/a],136.39458966021564,125.55156185972325,124.36498007326387,118.02318831457785,53.818316487436036,21.86970511130592,14.447516337556783,1.6227451657349197,0.30528807913158235,0.0029498401349999995,
89,Total Transport Sector,Aviation - ,OECM  GHG (CO2 only),Aviation - Scope 1:,1,[Mt CO2e],0.10901565584726709,0.10579445657500014,0.10726874394492315,0.10485233293284883,0.06500883461675967,0.03945531224400277,0.028460139295126693,0.014652269917159986,0.007478362555719186,0,
90,Total Transport Sector,Aviation - ,OECM  GHG (CO2 only),Aviation - Scope 2: ,2,[Mt CO2e],0.0,0,0.4,0.028361822568699662,0.08970777954242723,0.1128787835272232,0.33369262866117355,0.02541736514844838,0,0,
91,Total Transport Sector,Aviation - ,OECM  GHG (CO2 only),Aviation - Scope 3: ,3,[Mt CO2e],23.197620344039997,24.927529945512,25.539713698427995,24.87568114226887,20.755317031575668,17.21211962905422,8.28273408865837,5.124129875285115,3.999535519267017,3.2968893325950885,
92,Total Transport Sector,Aviation - ,Production Centric  GHG (CO2 only),Aviation - Scope 1:,1,[Mt CO2e],23.306635999887263,25.033324402087,25.64698244237292,24.98053347520172,20.820325866192427,17.251574941298223,8.311194227953496,5.138782145202275,4.007013881822736,3.2968893325950885,
93,Total Transport Sector,Aviation - ,Production Centric  GHG (CO2 only),Aviation - Scope 2: ,2,[Mt CO2e],0.0,0,0.4,0.028361822568699662,0.08970777954242723,0.1128787835272232,0.33369262866117355,0.02541736514844838,0,0,
94,Total Transport Sector,Aviation - ,Production Centric  GHG (CO2 only),Aviation - Scope 3: ,3,[Mt CO2e],0.0,0,0.0,0,0,0,0,0,0,0,
95,Total Transport Sector,Aviation -,Total,Aviation - total CO2 emissions,Total,[Mt CO2/a],23.306635999887263,25.033324402087,26.04698244237292,25.00889529777042,20.910033645734856,17.36445372482545,8.644886856614669,5.164199510350723,4.007013881822736,3.2968893325950885,
96,Total Transport Sector,Shipping - ,OECM  GHG (CO2 only),Shipping - Scope 1:,1,[Mt CO2e],0.1557366512103817,0.151134937964286,0.15324106277846178,0.14978904704692703,0.09286976373822818,0.05636473177714685,0.040657341850181015,0.02093181416737143,0.010683375079598845,0,
97,Total Transport Sector,Shipping - ,OECM  GHG (CO2 only),Shipping - Scope 2: ,2,[Mt CO2e],0.0,0,0.0,0,0.02195695829472577,0.11181359117425183,0.05364712520643014,0.00881094504697887,0,0,
98,Total Transport Sector,Shipping - ,OECM  GHG (CO2 only),Shipping - Scope 3: ,3,[Mt CO2e],3.3669791263999995,3.52555788512,3.906393658879999,3.8048274237491198,3.856418245686827,2.7525008941816465,2.776948410813908,0.5402186483771955,0,0,
99,Total Transport Sector,Shipping - ,Production Centric  GHG (CO2 only),Shipping - Scope 1:,1,[Mt CO2e],3.5227157776103812,3.676692823084286,4.059634721658461,3.9546164707960467,3.949288009425055,2.808865625958793,2.817605752664089,0.5611504625445669,0.010683375079598845,0,
100,Total Transport Sector,Shipping - ,Production Centric  GHG (CO2 only),Shipping - Scope 2: ,2,[Mt CO2e],0.0,0,0.0,0,0.02195695829472577,0.11181359117425183,0.05364712520643014,0.00881094504697887,0,0,
101,Total Transport Sector,Shipping - ,Production Centric  GHG (CO2 only),Shipping - Scope 3: ,3,[Mt CO2e],0.0,0,0.0,0,0,0,0,0,0,0,
102,Total Transport Sector,Shipping -,Total,Shipping - total CO2 emissions,Total,[Mt CO2/a],3.3669791263999995,3.52555788512,3.906393658879999,3.8048274237491198,3.8783752039815527,2.8643144853558984,2.8305955360203385,0.5490295934241743,0,0,
103,Total Transport Sector,Road Transport - ,OECM  GHG (CO2 only),Road Transport - Scope 1:,1,[Mt CO2e],1.2147458794409771,1.178852516121431,1.1952802896720016,1.1683545669660307,0.7243841571581797,0.4396449078617454,0.3171272664314119,0.16326815050549714,0.08333032562087098,0,
104,Total Transport Sector,Road Transport - ,OECM  GHG (CO2 only),Road Transport - Scope 2: ,2,[Mt CO2e],0.22937738700028185,0.213596386484189,0.21108767502414105,0,0.7826195958845164,0.43032359320007685,1.4124687164710559,0.08753307746947353,0,0,
105,Total Transport Sector,Road Transport - ,OECM  GHG (CO2 only),Road Transport - Scope 3: ,3,0,144.7345933311,148.90471182419998,147.19686502409996,143.3697465334734,120.86215724603318,113.49853998795868,38.48784951866054,15.769061949821296,1.7689748537823595,0,
106,Total Transport Sector,Road Transport - ,Production Centric  GHG (CO2 only),Road Transport - Scope 1:,1,[Mt CO2e],145.94933921054098,150.0835643403214,148.39214531377198,144.53810110043943,121.58654140319136,1.0047368607223983,121.58654140319136,113.93818489582043,38.80497678509195,15.932330100326793,
107,Total Transport Sector,Road Transport - ,Production Centric  GHG (CO2 only),Road Transport - Scope 2: ,2,[Mt CO2e],0.22937738700028185,0.213596386484189,0.21108767502414105,0,0.7826195958845164,0.2040893594036544,0.7826195958845164,0.43032359320007685,1.4124687164710559,0.08753307746947353,
108,Total Transport Sector,Road Transport - ,Production Centric  GHG (CO2 only),Road Transport - Scope 3: ,3,[Mt CO2e],0.0,0,0.0,0,0,0,0,0,0,0,
109,Total Transport Sector,Road Transport -,Total,Road - total CO2 emissions,Total,[Mt CO2/a],144.7345933311,148.90471182419998,147.19686502409996,143.3697465334734,120.86215724603318,113.49853998795868,38.48784951866054,15.769061949821296,1.7689748537823595,0,
110,Total Transport Sector,Transport - ,OECM  GHG (CO2 only),Transport - Scope 1:,1,[Mt CO2e],1.4794981864986259,1.435781910660717,1.4557900963953865,1.4229959469458064,0.8822627555131676,0.535464951882895,0.3862447475767196,0.19885223459002854,0.10149206325618901,0,
111,Total Transport Sector,Transport - ,OECM  GHG (CO2 only),Transport - Scope 2: ,2,[Mt CO2e],0.22937738700028185,0.213596386484189,0.6110876750241411,0.028361822568699662,0.8942843337216694,0.6550159679015519,1.7998084703386596,0.12176138766490077,0,0,
112,Total Transport Sector,Transport - ,OECM  GHG (CO2 only),Transport - Scope 3: ,3,[Mt CO2e],171.29919280154,177.35779965483198,176.64297238140796,172.05025509949138,145.47389252329566,133.46316051119456,49.54753201813281,21.433410473483605,5.768510373049376,3.2968893325950885,
113,Total Transport Sector,Transport - ,Production Centric  GHG (CO2 only),Transport - Scope 1:,1,[Mt CO2e],172.77869098803862,178.79358156549267,178.09876247780335,173.4732510464372,146.35615527880884,133.99862546307745,49.93377676570954,21.632262708073632,5.870002436305565,3.2968893325950885,
114,Total Transport Sector,Transport - ,Production Centric  GHG (CO2 only),Transport - Scope 2: ,2,[Mt CO2e],0.22937738700028185,0.213596386484189,0.6110876750241411,0.028361822568699662,0.8942843337216694,0.6550159679015519,1.7998084703386596,0.12176138766490077,0,0,
115,Total Transport Sector,Transport - ,Production Centric  GHG (CO2 only),Transport - Scope 3: ,3,[Mt CO2e],0.0,0,0.0,0,0,0,0,0,0,0,
116,Total Transport Sector,Transport -,Total,Transport - total CO2 emissions,Total,[Mt CO2/a],173.0080683750389,179.00717795197687,178.7098501528275,173.5016128690059,147.2504396125305,134.653641430979,51.73358523604819,21.754024095738533,5.870002436305565,3.2968893325950885,
117,Water Utilities,Water Utilities - ,OECM  GHG,Water Utilities - Scope 1: Total CO2 equivalent,1,[Mt CO2 equiv./a],0.19439494095887355,0.19475510977847912,0.19431953389555365,0.16998726315741922,0.13063094380075183,0.08934368791878278,0.060103587195569366,0.028710949655383258,0.00499213821521235,0,
118,Water Utilities,Water Utilities - ,OECM  GHG,Water Utilities - Scope 2: Total CO2 equivalent,2,[Mt CO2 equiv./a],0.10380193085183816,0.09650233257096319,0.09467226791965715,0.13856853966473734,0.049234863404926374,0.018441078341296335,0.008388959077205943,0.00047344142039286127,0,0,
119,Water Utilities,Water Utilities - ,OECM  GHG,Water Utilities - Scope 3: Total CO2 equivalent,3,[Mt CO2 equiv./a],7.173869399971305,7.173869399971305,7.173869399971305,7.173869399971305,6.976818052082726,6.976818052082726,6.358243669173466,6.0698373358702185,5.794512950572942,5.531677123526041,
120,Water Utilities,Water Utilities - ,OECM  CO2,Water Utilities - Scope 1: Total CO2,1,[Mt CO2/a],0.19439494095887355,0.19475510977847912,0.19431953389555365,0.16998726315741922,0.13063094380075183,0.08934368791878278,0.060103587195569366,0.028710949655383258,0.00499213821521235,0,
121,Water Utilities,Water Utilities - ,OECM  CO2,Water Utilities - Scope 2: Total CO2,2,[Mt CO2/a],0.10380193085183816,0.09650233257096319,0.09467226791965715,0.13856853966473734,0.049234863404926374,0.018441078341296335,0.008388959077205943,0.00047344142039286127,0,0,
122,Water Utilities,Water Utilities - ,OECM  CO2,Water Utilities - Scope 3: Total CO2,3,[Mt CO2/a],0.0,0,0.0,0,0,0,0,0,0,0,
123,Water Utilities,Water Utilities - ,Production Centric  GHG,Water Utilities - Scope 1: Total CO2 equivalent,1,[Mt CO2 equiv./a],7.368264340930178,7.368624509749784,7.3681889338668585,7.343856663128724,7.107448995883479,7.066161740001509,6.418347256369035,6.0985482855256015,5.7995050887881545,5.531677123526041,
124,Water Utilities,Water Utilities - ,Production Centric  GHG,Water Utilities - Scope 2: Total CO2 equivalent,2,[Mt CO2 equiv./a],0.10380193085183816,0.09650233257096319,0.09467226791965715,0.13856853966473734,0.049234863404926374,0.018441078341296335,0.008388959077205943,0.00047344142039286127,0,0,
125,Water Utilities,Water Utilities - ,Production Centric  GHG,Water Utilities - Scope 3: Total CO2 equivalent,3,[Mt CO2 equiv./a],0.0,0,0.0,0,0,0,0,0,0,0,
126,Water Utilities,Water Utilities - ,Production Centric  CO2,Water Utilities - Scope 1: Total CO2,1,[Mt CO2/a],0.19439494095887355,0.19475510977847912,0.19431953389555365,0.16998726315741922,0.13063094380075183,0.08934368791878278,0.060103587195569366,0.028710949655383258,0.00499213821521235,0,
127,Water Utilities,Water Utilities - ,Production Centric  CO2,Water Utilities - Scope 2: Total CO2,2,[Mt CO2/a],0.10380193085183816,0.09650233257096319,0.09467226791965715,0.13856853966473734,0.049234863404926374,0.018441078341296335,0.008388959077205943,0.00047344142039286127,0,0,
128,Water Utilities,Water Utilities - ,Production Centric  CO2,Water Utilities - Scope 3: Total CO2,3,[Mt CO2/a],0.0,0,0.0,0,0,0,0,0,0,0,
129,"Agriculture, Food & Tobacco","Agriculture, Food Processing &Tobacco - ",OECM  GHG,"Agriculture, Food Processing &Tobacco - Scope 1: Total CO2 equivalent",1,[Mt CO2 equiv./a],8.958287259010882,9.596323770384839,9.362152558463482,9.290466941703311,6.487802810812214,4.609868032339347,3.5069414278530386,1.7940840507032645,0.3294513695729407,0,
130,"Agriculture, Food & Tobacco","Agriculture, Food Processing & Tobacco - ",OECM  GHG,"Agriculture, Food Processing & Tobacco - Scope 2: Total CO2 equivalent",2,[Mt CO2 equiv./a],4.46110853062696,4.322405950225901,4.339903046115595,4.225425248272981,2.352246218906523,0.8042903250576744,0.3890053764232645,0.023827063440466867,0,0,
131,"Agriculture, Food & Tobacco","Agriculture, Food Processing & Tobacco - ",OECM  GHG,"Agriculture, Food Processing & Tobacco - Scope 3: Total CO2 equivalent",3,[Mt CO2 equiv./a],230.60185246758437,186.76490189394295,142.92795132030145,99.09100074666004,188.4086798645848,73.27335903369422,47.78055335261608,69.24248731946534,58.80844805437732,40.63588456214345,
132,"Agriculture, Food & Tobacco","Agriculture, Food Processing &Tobacco - ",OECM  CO2,"Agriculture, Food Processing &Tobacco - Scope 1: Total CO2 (energy-only)",1,[Mt CO2/a],8.958287259010882,9.596323770384839,9.362152558463482,9.290466941703311,6.487802810812214,4.609868032339347,3.5069414278530386,1.7940840507032645,0.3294513695729407,0,
133,"Agriculture, Food & Tobacco","Agriculture, Food Processing & Tobacco - ",OECM  CO2,"Agriculture, Food Processing & Tobacco - Scope 2: Total CO2 (energy-only)",2,[Mt CO2/a],4.46110853062696,4.322405950225901,4.339903046115595,4.225425248272981,2.352246218906523,0.8042903250576744,0.3890053764232645,0.023827063440466867,0,0,
134,"Agriculture, Food & Tobacco","Agriculture, Food Processing & Tobacco - ",OECM  CO2,"Agriculture, Food Processing & Tobacco - Scope 3: Total CO2 (energy-only)",3,[Mt CO2/a],0.0,0,0.0,0,0,0,0,0,0,0,
135,"Agriculture, Food & Tobacco","Agriculture, Food Processing &Tobacco - ",Production Centric  GHG,"Agriculture, Food Processing &Tobacco - Scope 1: Total CO2 equivalent",1,[Mt CO2 equiv./a],239.56013972659525,196.36122566432778,152.29010387876494,108.38146768836336,194.896482675397,77.88322706603357,51.28749478046912,71.0365713701686,59.137899423950266,40.63588456214345,
136,"Agriculture, Food & Tobacco","Agriculture, Food Processing & Tobacco - ",Production Centric  GHG,"Agriculture, Food Processing & Tobacco - Scope 2: Total CO2 equivalent",2,[Mt CO2 equiv./a],4.46110853062696,4.322405950225901,4.339903046115595,4.225425248272981,2.352246218906523,0.8042903250576744,0.3890053764232645,0.023827063440466867,0,0,
137,"Agriculture, Food & Tobacco","Agriculture, Food Processing & Tobacco - ",Production Centric  GHG,"Agriculture, Food Processing & Tobacco - Scope 3: Total CO2 equivalent",3,[Mt CO2 equiv./a],0.0,0,0.0,0,0,0,0,0,0,0,
138,"Agriculture, Food & Tobacco","Agriculture, Food Processing &Tobacco - ",Production Centric  CO2,"Agriculture, Food Processing &Tobacco - Scope 1: Total CO2 (energy-only)",1,[Mt CO2/a],8.958287259010882,9.596323770384839,9.362152558463482,9.290466941703311,6.487802810812214,4.609868032339347,3.5069414278530386,1.7940840507032645,0.3294513695729407,0,
139,"Agriculture, Food & Tobacco","Agriculture, Food Processing & Tobacco - ",Production Centric  CO2,"Agriculture, Food Processing & Tobacco - Scope 2: Total CO2 (energy-only)",2,[Mt CO2/a],4.46110853062696,4.322405950225901,4.339903046115595,4.225425248272981,2.352246218906523,0.8042903250576744,0.3890053764232645,0.023827063440466867,0,0,
140,"Agriculture, Food & Tobacco","Agriculture, Food Processing & Tobacco - ",Production Centric  CO2,"Agriculture, Food Processing & Tobacco - Scope 3: Total CO2 (energy-only)",3,[Mt CO2/a],0.0,0,0.0,0,0,0,0,0,0,0,
141,Forestry & Wood,"Forestry, Wood Products - ",OECM  GHG,"Forestry, Wood Products - Scope 1: Total CO2 equivalent",1,[Mt CO2 equiv./a],17.09459206260041,17.694591374149525,17.300439797526607,15.231852557244627,12.674614866349565,9.106007753392397,6.9928533855699175,3.6050832325513653,0.6897765861043015,0,
142,Forestry & Wood,"Forestry, Wood Products - ",OECM  GHG,"Forestry, Wood Products - Scope 2: Total CO2 equivalent",2,[Mt CO2 equiv./a],9.847582498678154,9.081239055719383,8.985302438854774,8.752000921022752,3.836974914140091,1.3366600629303411,0.6580171401030143,0.040979280673007226,0,0,
143,Forestry & Wood,"Forestry, Wood Products - ",OECM  GHG,"Forestry, Wood Products - Scope 3: Total CO2 equivalent",3,[Mt CO2 equiv./a],98.14653623460988,89.8207424910771,81.49494874754431,73.16915500401154,53.2647338561589,-20.783798963246205,-35.577897007882875,-19.372274111221312,-26.27934807376075,-37.828645923167215,
144,Forestry & Wood,"Forestry, Wood Products - ",OECM  CO2,"Forestry, Wood Products - Scope 1: Total CO2 (energy-only)",1,[Mt CO2/a],17.09459206260041,17.694591374149525,17.300439797526607,15.231852557244627,12.674614866349565,9.106007753392397,6.9928533855699175,3.6050832325513653,0.6897765861043015,0,
145,Forestry & Wood,"Forestry, Wood Products - ",OECM  CO2,"Forestry, Wood Products - Scope 2: Total CO2 (energy-only)",2,[Mt CO2/a],9.847582498678154,9.081239055719383,8.985302438854774,8.752000921022752,3.836974914140091,1.3366600629303411,0.6580171401030143,0.040979280673007226,0,0,
146,Forestry & Wood,"Forestry, Wood Products - ",OECM  CO2,"Forestry, Wood Products - Scope 3: Total CO2 (energy-only)",3,[Mt CO2/a],0.0,0,0.0,0,0,0,0,0,0,0,
147,Forestry & Wood,"Forestry, Wood Products - ",Production Centric  GHG,"Forestry, Wood Products - Scope 1: Total CO2 equivalent",1,[Mt CO2 equiv./a],115.2411282972103,107.51533386522662,98.79538854507092,88.40100756125616,65.93934872250847,-11.677791209853808,-28.58504362231296,-15.767190878669947,-25.58957148765645,-37.828645923167215,
148,Forestry & Wood,"Forestry, Wood Products - ",Production Centric  GHG,"Forestry, Wood Products - Scope 2: Total CO2 equivalent",2,[Mt CO2 equiv./a],9.847582498678154,9.081239055719383,8.985302438854774,8.752000921022752,3.836974914140091,1.3366600629303411,0.6580171401030143,0.040979280673007226,0,0,
149,Forestry & Wood,"Forestry, Wood Products - ",Production Centric  GHG,"Forestry, Wood Products - Scope 3: Total CO2 equivalent",3,[Mt CO2 equiv./a],0.0,0,0.0,0,0,0,0,0,0,0,
150,Forestry & Wood,"Forestry, Wood Products - ",Production Centric  CO2,"Forestry, Wood Products - Scope 1: Total CO2 (energy-only)",1,[Mt CO2/a],17.09459206260041,17.694591374149525,17.300439797526607,15.231852557244627,12.674614866349565,9.106007753392397,6.9928533855699175,3.6050832325513653,0.6897765861043015,0,
151,Forestry & Wood,"Forestry, Wood Products - ",Production Centric  CO2,"Forestry, Wood Products - Scope 2: Total CO2 (energy-only)",2,[Mt CO2/a],9.847582498678154,9.081239055719383,8.985302438854774,8.752000921022752,3.836974914140091,1.3366600629303411,0.6580171401030143,0.040979280673007226,0,0,
152,Forestry & Wood,"Forestry, Wood Products - ",Production Centric  CO2,"Forestry, Wood Products - Scope 3: Total CO2 (energy-only)",3,[Mt CO2/a],0.0,0,0.0,0,0,0,0,0,0,0,
153,Chemical Industries,Chemical Industry - ,OECM  GHG,Chemical Industry - Scope 1: Total CO2 equivalent,1,[Mt CO2 equiv./a],6.3587365970043574,6.347830035154265,6.2131327322714975,6.088132911528488,9.576405866442393,6.586668401264011,5.005012711389619,2.865299302453389,1.51959944494221,0,
154,Chemical Industries,Chemical Industry - ,OECM  GHG,Chemical Industry - Scope 2: Total CO2 equivalent,2,[Mt CO2 equiv./a],2.666287912229795,0.7458546193461614,0.9982813052355165,0.9983173899314388,0.37199920839502043,0.1161933056654978,0.05154457704770143,0.002905305185842177,0,0,
155,Chemical Industries,Chemical Industry - ,OECM  GHG,Chemical Industry - Scope 3: Total CO2 equivalent,3,[Mt CO2 equiv./a],2127.1937381411235,2104.1547965832956,2081.115855831805,2058.025314237795,1484.8909352499195,888.0948327783228,671.4520546613213,455.6241927664707,413.03434695079187,370.00053051871646,
156,Chemical Industries,Chemical Industry - ,OECM  CO2,Chemical Industry - Scope 1: Total CO2 (energy-only),1,[Mt CO2/a],6.3587365970043574,6.347830035154265,6.2131327322714975,6.088132911528488,9.576405866442393,6.586668401264011,5.005012711389619,2.865299302453389,1.51959944494221,0,
157,Chemical Industries,Chemical Industry - ,OECM  CO2,Chemical Industry - Scope 2: Total CO2 (energy-only),2,[Mt CO2/a],2.666287912229795,0.7458546193461614,0.9982813052355165,0.9983173899314388,0.37199920839502043,0.1161933056654978,0.05154457704770143,0.002905305185842177,0,0,
158,Chemical Industries,Chemical Industry - ,OECM  CO2,Chemical Industry - Scope 3: Total CO2 (energy-only),3,[Mt CO2/a],15.509641050548458,15.509642098092645,15.509643951973954,15.458044963325184,16.304472167759343,17.046745709690956,18.145459216047108,19.24762294503332,20.17671722687419,21.107588159806276,
159,Chemical Industries,Chemical Industry - ,Production Centric  GHG,Chemical Industry - Scope 1: Total CO2 equivalent,1,[Mt CO2 equiv./a],6.3587365970043574,6.347830035154265,6.2131327322714975,6.088132911528488,9.576405866442393,6.586668401264011,5.005012711389619,2.865299302453389,1.51959944494221,0,
160,Chemical Industries,Chemical Industry - ,Production Centric  GHG,Chemical Industry - Scope 2: Total CO2 equivalent,2,[Mt CO2 equiv./a],2.666287912229795,0.7458546193461614,0.9982813052355165,0.9983173899314388,0.37199920839502043,0.1161933056654978,0.05154457704770143,0.002905305185842177,0,0,
161,Chemical Industries,Chemical Industry - ,Production Centric  GHG,Chemical Industry - Scope 3: Total CO2 equivalent,3,[Mt CO2 equiv./a],2111.684097090575,2088.645154485203,2065.6062118798313,2042.56726927447,1468.5864630821602,871.0480870686318,653.3065954452742,436.3765698214374,392.8576297239177,348.8929423589102,
162,Chemical Industries,Chemical Industry - ,Production Centric  CO2,Chemical Industry - Scope 1: Total CO2 (energy-only),1,[Mt CO2/a],6.3587365970043574,6.347830035154265,6.2131327322714975,6.088132911528488,9.576405866442393,6.586668401264011,5.005012711389619,2.865299302453389,1.51959944494221,0,
163,Chemical Industries,Chemical Industry - ,Production Centric  CO2,Chemical Industry - Scope 2: Total CO2 (energy-only),2,[Mt CO2/a],2.666287912229795,0.7458546193461614,0.9982813052355165,0.9983173899314388,0.37199920839502043,0.1161933056654978,0.05154457704770143,0.002905305185842177,0,0,
164,Chemical Industries,Chemical Industry - ,Production Centric  CO2,Chemical Industry - Scope 3: Total CO2 (energy-only),3,[Mt CO2/a],0.0,0,0.0,0,0,0,0,0,0,0,
165,Chemical Industries,Chemical Industry -,Total,Chemical Industry - total CO2 emissions - EXCLUDING SCOPE 2 (Electricity),Total,[Mt CO2/a],21.868377647552816,21.857472133246908,21.722776684245453,21.546177874853672,25.880878034201736,23.633414110954966,23.150471927436726,22.112922247486708,21.696316671816398,21.107588159806276,
166,Textile & Leather Industries,Textile & Leather - ,OECM  GHG,Textile & Leather - Scope 1: Total CO2 equivalent,1,[Mt CO2 equiv./a],0.3157943473358605,0.32061181822660845,0.3016093018912292,0.29465941129315243,0.27780657715270946,0.18657206415021269,0.13836637161116574,0.07715233788010621,0.03972253458642205,0,
167,Textile & Leather Industries,Textile & Leather - ,OECM  GHG,Textile & Leather - Scope 2: Total CO2 equivalent,2,[Mt CO2 equiv./a],0.15892977008081982,0.14775345123066552,0.13415725671271364,0.1306738913132463,0.05363339885161013,0.019320857304456502,0.009833022615036408,0.0006329175511988453,0,0,
168,Textile & Leather Industries,Textile & Leather - ,OECM  GHG,Textile & Leather - Scope 3: Total CO2 equivalent,3,[Mt CO2 equiv./a],0.4078976126785714,0.2719317417857143,0.13596587089285714,0,0.5126752902706235,0.41622469470143103,0.3814397770698876,0.3742789741173759,0.3609570123427783,0.34465960166551424,
169,Textile & Leather Industries,Textile & Leather - ,OECM  CO2,Textile & Leather - Scope 1: Total CO2 (energy-only),1,[Mt CO2/a],0.3157943473358605,0.32061181822660845,0.3016093018912292,0.29465941129315243,0.27780657715270946,0.18657206415021269,0.13836637161116574,0.07715233788010621,0.03972253458642205,0,
170,Textile & Leather Industries,Textile & Leather - ,OECM  CO2,Textile & Leather - Scope 2: Total CO2 (energy-only),2,[Mt CO2/a],0.15892977008081982,0.14775345123066552,0.13415725671271364,0.1306738913132463,0.05363339885161013,0.019320857304456502,0.009833022615036408,0.0006329175511988453,0,0,
171,Textile & Leather Industries,Textile & Leather - ,OECM  CO2,Textile & Leather - Scope 3: Total CO2 (energy-only),3,[Mt CO2/a],0.0,0,0.0,0,0,0,0,0,0,0,
172,Textile & Leather Industries,Textile & Leather - ,Production Centric  GHG,Textile & Leather - Scope 1: Total CO2 equivalent,1,[Mt CO2 equiv./a],0.7236919600144318,0.5925435600123228,0.4375751727840863,0.29465941129315243,0.7904818674233329,0.6027967588516437,0.5198061486810533,0.4514313119974821,0.4006795469292004,0.34465960166551424,
173,Textile & Leather Industries,Textile & Leather - ,Production Centric  GHG,Textile & Leather - Scope 2: Total CO2 equivalent,2,[Mt CO2 equiv./a],0.15892977008081982,0.14775345123066552,0.13415725671271364,0.1306738913132463,0.05363339885161013,0.019320857304456502,0.009833022615036408,0.0006329175511988453,0,0,
174,Textile & Leather Industries,Textile & Leather - ,Production Centric  GHG,Textile & Leather - Scope 3: Total CO2 equivalent,3,[Mt CO2 equiv./a],0.0,0,0.0,0,0,0,0,0,0,0,
175,Textile & Leather Industries,Textile & Leather - ,Production Centric  CO2,Textile & Leather - Scope 1: Total CO2 (energy-only),1,[Mt CO2/a],0.3157943473358605,0.32061181822660845,0.3016093018912292,0.29465941129315243,0.27780657715270946,0.18657206415021269,0.13836637161116574,0.07715233788010621,0.03972253458642205,0,
176,Textile & Leather Industries,Textile & Leather - ,Production Centric  CO2,Textile & Leather - Scope 2: Total CO2 (energy-only),2,[Mt CO2/a],0.15892977008081982,0.14775345123066552,0.13415725671271364,0.1306738913132463,0.05363339885161013,0.019320857304456502,0.009833022615036408,0.0006329175511988453,0,0,
177,Textile & Leather Industries,Textile & Leather -,Production Centric  CO2,Textile & Leather - Scope 3: Total CO2 (energy-only),3,[Mt CO2/a],0.0,0,0.0,0,0,0,0,0,0,0,
178,Aluminium Industry,Aluminium Industry - ,OECM  GHG,Aluminium Industry - Scope 1: Total CO2 equivalent,1,[Mt CO2 equiv./a],11.908283501647084,10.895974527770473,10.642387449860259,11.354560345355184,9.727601775129152,8.619404929214229,7.956164623553837,7.266144608732162,6.785684478724456,6.343877944810874,
179,Aluminium Industry,Aluminium Industry - ,OECM  GHG,Aluminium Industry - Scope 2: Total CO2 equivalent,2,[Mt CO2 equiv./a],9.346961666138863,7.904613858348521,7.568810607092951,8.286155329851281,2.1064838682885703,0.6519018472458147,0.29734965216561365,0.01717068296463618,0,0,
180,Aluminium Industry,Aluminium Industry - ,OECM  GHG,Aluminium Industry - Scope 3: Total CO2 equivalent,3,[Mt CO2 equiv./a],0.21172951345575983,0.14115300897050656,0.0705765044852533,0,0.22863567488545894,0.07548368144979106,0.06257805385907517,0.06807464473751552,0.07847231837010268,0.08925555193894245,
181,Aluminium Industry,Aluminium Industry - ,OECM  CO2,Aluminium Industry - Scope 1: Total CO2 (energy-only),1,[Mt CO2/a],3.8832835016470844,3.595974527770473,3.5173874498602578,3.5545603453551835,2.1619917751291533,1.295516168714228,0.8801894975967627,0.4364134171583938,0.2001161772494505,0,
182,Aluminium Industry,Aluminium Industry - ,OECM  CO2,Aluminium Industry - Scope 2: Total CO2 (energy-only),2,[Mt CO2/a],9.346961666138863,7.904613858348521,7.568810607092951,8.286155329851281,2.1064838682885703,0.6519018472458147,0.29734965216561365,0.01717068296463618,0,0,
183,Aluminium Industry,Aluminium Industry - ,OECM  CO2,Aluminium Industry - Scope 3: Total CO2 (energy-only),3,[Mt CO2/a],0.21172951345575983,0.14115300897050656,0.0705765044852533,0,0.22863567488545894,0.07548368144979106,0.06257805385907517,0.06807464473751552,0.07847231837010268,0.08925555193894245,
184,Aluminium Industry,Aluminium Industry - ,Production Centric  GHG,Aluminium Industry - Scope 1: Total CO2 equivalent,1,[Mt CO2 equiv./a],12.120013015102844,11.03712753674098,10.712963954345511,11.354560345355184,9.95623745001461,8.69488861066402,8.018742677412913,7.334219253469677,6.864156797094559,6.433133496749816,
185,Aluminium Industry,Aluminium Industry - ,Production Centric  GHG,Aluminium Industry - Scope 2: Total CO2 equivalent,2,[Mt CO2 equiv./a],9.346961666138863,7.904613858348521,7.568810607092951,8.286155329851281,2.1064838682885703,0.6519018472458147,0.29734965216561365,0.01717068296463618,0,0,
186,Aluminium Industry,Aluminium Industry - ,Production Centric  GHG,Aluminium Industry - Scope 3: Total CO2 equivalent,3,[Mt CO2 equiv./a],0.0,0,0.0,0,0,0,0,0,0,0,
187,Aluminium Industry,Aluminium Industry - ,Production Centric  CO2,Aluminium Industry - Scope 1: Total CO2 (energy-only),1,[Mt CO2/a],3.8832835016470844,3.595974527770473,3.5173874498602578,3.5545603453551835,2.1619917751291533,1.295516168714228,0.8801894975967627,0.4364134171583938,0.2001161772494505,0,
188,Aluminium Industry,Aluminium Industry - ,Production Centric  CO2,Aluminium Industry - Scope 2: Total CO2 (energy-only),2,[Mt CO2/a],9.346961666138863,7.904613858348521,7.568810607092951,8.286155329851281,2.1064838682885703,0.6519018472458147,0.29734965216561365,0.01717068296463618,0,0,
189,Aluminium Industry,Aluminium Industry - ,Production Centric  CO2,Aluminium Industry - Scope 3: Total CO2 (energy-only),3,[Mt CO2/a],0.0,0,0.0,0,0,0,0,0,0,0,
190,Residential & Commercial Buildings and Construction,Buildings - ,OECM  GHG,Buildings - Scope 1: Total CO2 equivalent,1,[Mt CO2 equiv./a],1.8849144313124484,1.9255999376104345,1.9113981548642947,1.6245558932403386,1.3369660885705537,0.95341283924261,0.7440849205019631,0.44777599795945755,0.24234832638385145,0,
191,Residential & Commercial Buildings and Construction,Buildings - ,OECM  GHG,Buildings - Scope 2: Total CO2 equivalent,2,[Mt CO2 equiv./a],73.98183995796983,160.15332426696233,158.62179662471075,143.52800631075866,89.08463780592979,49.84994496439819,33.625158700443485,14.297635284319597,2.3927243790696986,0,
192,Residential & Commercial Buildings and Construction,Buildings - ,OECM  GHG,Buildings - Scope 3: Total CO2 equivalent,3,[Mt CO2 equiv./a],3.3999711350412034,3.25672593946541,3.4832226786813334,3.3971714083879685,1.7670784426585382,1.3131277017925274,0.8464810386957651,0.4294823754704572,0.15856920063982044,0,
193,Residential & Commercial Buildings and Construction,Buildings - ,OECM  CO2,Buildings - Scope 1: Total CO2 (energy-only),1,[Mt CO2/a],1.8849144313124484,1.9255999376104345,1.9113981548642947,1.6245558932403386,1.3369660885705537,0.95341283924261,0.7440849205019631,0.44777599795945755,0.24234832638385145,0,
194,Residential & Commercial Buildings and Construction,Buildings - ,OECM  CO2,Buildings - Scope 2: Total CO2 (energy-only),2,[Mt CO2/a],73.98183995796983,160.15332426696233,158.62179662471075,143.52800631075866,89.08463780592979,49.84994496439819,33.625158700443485,14.297635284319597,2.3927243790696986,0,
195,Residential & Commercial Buildings and Construction,Buildings - ,OECM  CO2,Buildings - Scope 3: Total CO2 (energy-only),3,[Mt CO2/a],3.681457771166983,3.522328553786851,3.7379068699428624,3.6518648056734406,1.8461743320996489,1.3392579950231684,0.8589286431827904,0.43023930111913544,0.15856920063982044,0,
196,Residential & Commercial Buildings and Construction,Buildings - ,Production Centric  GHG,Buildings - Scope 1: Total CO2 equivalent,1,[Mt CO2 equiv./a],5.284885566353652,5.1823258770758445,5.394620833545628,5.021727301628307,3.104044531229092,2.2665405410351376,1.5905659591977281,0.8772583734299148,0.4009175270236719,0,
197,Residential & Commercial Buildings and Construction,Buildings - ,Production Centric  GHG,Buildings - Scope 2: Total CO2 equivalent,2,[Mt CO2 equiv./a],73.98183995796983,160.15332426696233,158.62179662471075,143.52800631075866,89.08463780592979,49.84994496439819,33.625158700443485,14.297635284319597,2.3927243790696986,0,
198,Residential & Commercial Buildings and Construction,Buildings - ,Production Centric  GHG,Buildings - Scope 3: Total CO2 equivalent,3,[Mt CO2 equiv./a],0.0,0,0.0,0,0,0,0,0,0,0,
199,Residential & Commercial Buildings and Construction,Buildings - ,Production Centric  CO2,Buildings - Scope 1: Total CO2 (energy-only),1,[Mt CO2/a],5.566372202479432,5.447928491397286,5.649305024807157,5.276420698913779,3.1831404206702025,2.2926708342657784,1.6030135636847533,0.878015299078593,0.4009175270236719,0,
200,Residential & Commercial Buildings and Construction,Buildings - ,Production Centric  CO2,Buildings - Scope 2: Total CO2 (energy-only),2,[Mt CO2/a],73.98183995796983,160.15332426696233,158.62179662471075,143.52800631075866,89.08463780592979,49.84994496439819,33.625158700443485,14.297635284319597,2.3927243790696986,0,
201,Residential & Commercial Buildings and Construction,Buildings - ,Production Centric  CO2,Buildings - Scope 3: Total CO2 (energy-only),3,[Mt CO2/a],0.0,0,0.0,0,0,0,0,0,0,0,
202,Residential & Commercial Buildings and Construction,Buildings total CO2 emissions (excluding electricity (,Total,Buildings total CO2 emissions (excluding electricity (Scope 2) - heating only but excluding electricity heating,Total,[Mt CO2/a],102.57952614810135,102.49783038659467,102.08203855665292,88.76008518194593,64.62433491953107,41.53050323773667,29.328840486591016,14.038444928192881,2.3927243790696986,0,
203,Total Materials / Steel,Materials / Steel - ,OECM  GHG,Materials / Steel - Scope 1: Total CO2 equivalent,1,[Mt CO2 equiv./a],8.012257476410973,8.510544880310828,8.828009917849597,7.039925331704502,5.390558940943738,5.159716266749216,3.6022589607972924,1.7257666394728284,1.096668095201559,0.05901841049912579,0.0
204,Total Materials / Steel,Materials / Steel - ,OECM  GHG,Materials / Steel - Scope 2: Total CO2 equivalent,2,[Mt CO2 equiv./a],2.295911474851495,2.0781697911975696,1.9345198356155906,1.0012363323608444,0.3288382328638055,0.1722579768729331,0.017247378719196512,0,0,0,0.0
205,Total Materials / Steel,Materials / Steel - ,OECM  GHG,Materials / Steel - Scope 3: Total CO2 equivalent,3,[Mt CO2 equiv./a],10.879202328785604,11.186930292876683,11.374961261367215,6.831942919200001,6.148216803247642,5.750142839519944,3.825237704437942,1.7917479375777872,1.1561578454953947,0.1598693824401894,0.0
206,Total Materials / Steel,Materials / Steel - ,OECM  CO2,Materials / Steel - Scope 1: Total CO2 (energy-only),1,[Mt CO2/a],8.012257476410973,8.510544880310828,8.828009917849597,7.039925331704502,5.390558940943738,5.159716266749216,3.6022589607972924,1.7257666394728284,1.096668095201559,0.05901841049912579,
207,Total Materials / Steel,Materials / Steel - ,OECM  CO2,Materials / Steel - Scope 2: Total CO2 (energy-only),2,[Mt CO2/a],2.295911474851495,2.0781697911975696,1.9345198356155906,1.0012363323608444,0.3288382328638055,0.1722579768729331,0.017247378719196512,0,0,0,
208,Total Materials / Steel,Materials / Steel - ,OECM  CO2,Materials / Steel - Scope 3: Total CO2 (energy-only),3,[Mt CO2/a],10.879202328785604,11.186930292876683,11.374961261367215,6.831942919200001,6.148216803247642,5.750142839519944,3.825237704437942,1.7917479375777872,1.1561578454953947,0.1598693824401894,
209,Total Materials / Steel,Materials / Steel - ,Production Centric  GHG,Materials / Steel - Scope 1: Total CO2 equivalent,1,[Mt CO2 equiv./a],18.891459805196575,19.697475173187513,20.20297117921681,13.871868250904503,11.53877574419138,10.90985910626916,7.4274966652352346,3.5175145770506155,2.2528259406969537,0.21888779293931518,
210,Total Materials / Steel,Materials / Steel - ,Production Centric  GHG,Materials / Steel - Scope 2: Total CO2 equivalent,2,[Mt CO2 equiv./a],1.6176647410127367,1.6114908693436603,1.3897181145476367,1.353634371380507,0.9865043131552167,0.36221616402247075,0.283952132078573,0.018891382306668116,0,0,
211,Total Materials / Steel,Materials / Steel - ,Production Centric  GHG,Materials / Steel - Scope 3: Total CO2 equivalent,3,[Mt CO2 equiv./a],0.0,0,0.0,0,0,0,0,0,0,0,
212,Total Materials / Steel,Materials / Steel - ,Production Centric  CO2,Materials / Steel - Scope 1: Total CO2 (energy-only),1,[Mt CO2/a],18.891459805196575,19.697475173187513,20.20297117921681,13.871868250904503,11.53877574419138,10.90985910626916,7.4274966652352346,3.5175145770506155,2.2528259406969537,0.21888779293931518,
213,Total Materials / Steel,Materials / Steel - ,Production Centric  CO2,Materials / Steel - Scope 2: Total CO2 (energy-only),2,[Mt CO2/a],1.6176647410127367,1.6114908693436603,1.3897181145476367,1.353634371380507,0.9865043131552167,0.36221616402247075,0.283952132078573,0.018891382306668116,0,0,
214,Total Materials / Steel,Materials / Steel - ,Production Centric  CO2,Materials / Steel - Scope 3: Total CO2 (energy-only),3,[Mt CO2/a],0.0,0,0.0,0,0,0,0,0,0,0,
215,Total Materials / Steel,Materials / Steel -,Total,Iron & Steel - total CO2 emissions (excluding electricity (Scope 2) and iron ore mining,Total,[Mt CO2/a],18.891459805196575,19.697475173187513,20.20297117921681,13.871868250904503,11.53877574419138,10.90985910626916,7.4274966652352346,3.5175145770506155,2.2528259406969537,0.21888779293931518,
216,Total Materials / Cement,Materials / Cement - ,OECM  GHG,Materials / Cement - Scope 1: Total CO2 equivalent,1,[Mt CO2 equiv./a],3.3999711350412034,3.25672593946541,3.4832226786813334,3.3971714083879685,1.7670784426585382,1.3131277017925274,0.8464810386957651,0.4294823754704572,0.15856920063982044,0,0.0
217,Total Materials / Cement,Materials / Cement - ,OECM  GHG,Materials / Cement - Scope 2: Total CO2 equivalent,2,[Mt CO2 equiv./a],0.2814866361257795,0.26560261432144106,0.2546841912615291,0.25469339728547213,0.07909588944111058,0.02613029323064113,0.012447604487025364,0.0007569256486782665,0,0,0.0
218,Total Materials / Cement,Materials / Cement - ,OECM  GHG,Materials / Cement - Scope 3: Total CO2 equivalent,3,[Mt CO2 equiv./a],5.16683804,5.244052536000001,6.919671461400001,6.919671461400001,7.07653468307701,6.449089823670528,5.785445245347291,5.084172846596968,4.3437954850779406,3.5627854115267596,0.0
219,Total Materials / Cement,Materials / Cement - ,OECM  CO2,Materials / Cement - Scope 1: Total CO2 (energy-only),1,[Mt CO2/a],3.3999711350412034,3.25672593946541,3.4832226786813334,3.3971714083879685,1.7670784426585382,1.3131277017925274,0.8464810386957651,0.4294823754704572,0.15856920063982044,0,0.0
220,Total Materials / Cement,Materials / Cement - ,OECM  CO2,Materials / Cement - Scope 2: Total CO2 (energy-only),2,[Mt CO2/a],0.2814866361257795,0.26560261432144106,0.2546841912615291,0.25469339728547213,0.07909588944111058,0.02613029323064113,0.012447604487025364,0.0007569256486782665,0,0,0.0
221,Total Materials / Cement,Materials / Cement - ,OECM  CO2,Materials / Cement - Scope 3: Total CO2 (energy-only),3,[Mt CO2/a],5.16683804,5.244052536000001,6.919671461400001,6.919671461400001,7.07653468307701,6.449089823670528,5.785445245347291,5.084172846596968,4.3437954850779406,3.5627854115267596,0.0
222,Total Materials / Cement,Materials / Cement - ,Production Centric  GHG,Materials / Cement - Scope 1: Total CO2 equivalent,1,[Mt CO2 equiv./a],8.566809175041204,8.50077847546541,10.402894140081335,10.316842869787969,8.843613125735548,7.762217525463056,6.631926284043056,5.513655222067426,4.502364685717761,3.5627854115267596,0.0
223,Total Materials / Cement,Materials / Cement - ,Production Centric  GHG,Materials / Cement - Scope 2: Total CO2 equivalent,2,[Mt CO2 equiv./a],0.2814866361257795,0.26560261432144106,0.2546841912615291,0.25469339728547213,0.07909588944111058,0.02613029323064113,0.012447604487025364,0.0007569256486782665,0,0,0.0
224,Total Materials / Cement,Materials / Cement - ,Production Centric  GHG,Materials / Cement - Scope 3: Total CO2 equivalent,3,[Mt CO2 equiv./a],0.0,0,0.0,0,0,0,0,0,0,0,0.0
225,Total Materials / Cement,Materials / Cement - ,Production Centric  CO2,Materials / Cement - Scope 1: Total CO2 (energy-only),1,[Mt CO2/a],8.566809175041204,8.50077847546541,10.402894140081335,10.316842869787969,8.843613125735548,7.762217525463056,6.631926284043056,5.513655222067426,4.502364685717761,3.5627854115267596,0.0
226,Total Materials / Cement,Materials / Cement - ,Production Centric  CO2,Materials / Cement - Scope 2: Total CO2 (energy-only),2,[Mt CO2/a],0.2814866361257795,0.26560261432144106,0.2546841912615291,0.25469339728547213,0.07909588944111058,0.02613029323064113,0.012447604487025364,0.0007569256486782665,0,0,0.0
227,Total Materials / Cement,Materials / Cement - ,Production Centric  CO2,Materials / Cement - Scope 3: Total CO2 (energy-only),3,[Mt CO2/a],0.0,0,0.0,0,0,0,0,0,0,0,0.0
228,Total Materials / Cement,Materials / Cement -,Total,Cement - total CO2 emissions: excluding electricity and buildings emissions - including process emissions,Total,[Mt CO2/a],3.3999711350412034,3.25672593946541,3.4832226786813334,3.3971714083879685,1.7670784426585382,1.3131277017925274,0.8464810386957651,0.4294823754704572,0.15856920063982044,0,0.0
