,Sector,Subsector,Label,Description,Scope,Unit,2017,2018,2019,2020,2025,2030,2035,2040,2045,2050,Remarks
0,"Total Energy, Gas, Oil & Coal Sector - ",Coal ,OECM  GHG,Coal Scope 1: ,1,[Mt CO2 equiv./a],17.776047676213338,18.507791204203844,19.05243346591328,18.704603934291185,15.492562433878007,14.289164432724203,9.91603907068776,3.480032565777063,1.2035954935706663,0,
1,"Total Energy, Gas, Oil & Coal Sector - ",Coal ,OECM  GHG,Coal Scope 2: Electricity - own sector use,2,[Mt CO2 equiv./a],1.5721388781,1.7317974443000002,1.8974869564,1.7020476704,1.3446794685077135,1.1121389301869165,0.772213396617299,0.2731697772445435,0.09249616258071011,0,
2,"Total Energy, Gas, Oil & Coal Sector - ",Coal ,OECM  GHG,Coal Scope 3: Total CO2 equivalent,3,[Mt CO2 equiv./a],167.52961543197765,180.55363044354814,183.60771812970307,179.67871686842918,122.19140976990549,91.19281572061132,64.77760880521242,27.32899601783338,13.815316969851212,0,
3,"Total Energy, Gas, Oil & Coal Sector - ",Coal ,OECM  CO2,Coal Scope 1: ,1,[Mt CO2/a],3.791285429999999,4.106928360000001,4.5452894399999995,3.6869478000000004,3.696020277684297,3.408928750161186,2.365643620026886,0.8302223073174428,1.2035954935706663,0,
4,"Total Energy, Gas, Oil & Coal Sector - ",Coal ,OECM  CO2,Coal Scope 2: Electricity - own sector use,2,[Mt CO2/a],1.5721388781,1.7317974443000002,1.8974869564,1.7020476704,1.3446794685077135,1.1121389301869165,0.772213396617299,0.2731697772445435,0.09249616258071011,0,
5,"Total Energy, Gas, Oil & Coal Sector - ",Coal ,OECM  CO2,Coal Scope 3: Total CO2,3,[Mt CO2/a],157.70508645722595,170.1280896685083,172.9613876173842,169.59447867682152,112.23781988884436,81.35722170409122,56.534195844267174,20.214667651416278,6.6485268622001765,0,
6,"Total Energy, Gas, Oil & Coal Sector - ",Coal ,Production Centric  GHG,Coal Scope 1: ,1,[Mt CO2 equiv./a],175.4811341334393,188.63588087271214,192.01382108329747,188.2990826111127,127.73038232272236,95.64638613681542,66.45023491495493,23.69470021719334,7.852122355770843,0,
7,"Total Energy, Gas, Oil & Coal Sector - ",Coal ,Production Centric  GHG,Coal Scope 2: Electricity - own sector use,2,[Mt CO2 equiv./a],1.5721388781,1.7317974443000002,1.8974869564,1.7020476704,1.3446794685077135,1.1121389301869165,0.772213396617299,0.2731697772445435,0.09249616258071011,0,
8,"Total Energy, Gas, Oil & Coal Sector - ",Coal ,Production Centric  GHG,Coal Scope 3: Total CO2 equivalent,3,[Mt CO2 equiv./a],0.0,0,0.0,0.0,0,0,0,0,0,0,
9,"Total Energy, Gas, Oil & Coal Sector - ",Coal ,Production Centric  CO2,Coal Scope 1: ,1,[Mt CO2/a],171.32090086197763,184.66055880354816,188.15300756970308,183.3656646684292,125.88743004758979,94.6017444707725,67.14325242523931,28.15921832515082,14.10245561262595,0,
10,"Total Energy, Gas, Oil & Coal Sector - ",Coal ,Production Centric  CO2,Coal Scope 2: Electricity - own sector use,2,[Mt CO2/a],1.5721388781,1.7317974443000002,1.8974869564,1.7020476704,1.3446794685077135,1.1121389301869165,0.772213396617299,0.2731697772445435,0.09249616258071011,0,
11,"Total Energy, Gas, Oil & Coal Sector - ",Coal ,Production Centric  CO2,Coal Scope 3: Total CO2 ,3,[Mt CO2/a],0.0,0,0.0,0.0,0,0,0,0,0,0,
12,"Total Energy, Gas, Oil & Coal Sector - ",Coal,Total,Coal - total CO2 emissions,Total,[Mt CO2/a],185.30566310819097,199.06142164775198,183.60771812970307,179.67871686842918,122.19140976990549,91.19281572061132,64.77760880521242,27.32899601783338,13.815316969851212,0,
13,"Total Energy, Gas, Oil & Coal Sector - ",Oil ,OECM  GHG,Oil Scope 1: ,1,[Mt CO2 equiv./a],13.249706726383334,10.042158865006229,10.48816970799831,9.14727846047745,7.50601294499434,6.238870401263351,3.908577242066263,2.9178322126080563,2.569366190873902,2.533808176149692,
14,"Total Energy, Gas, Oil & Coal Sector - ",Oil ,OECM  GHG,Oil Scope 2: Electricity - own sector use,2,[Mt CO2 equiv./a],0.7454421000000001,0.7238043000000001,0.9468297,0.9569565000000001,0.5777826752647894,0.4802431407310833,0.30086654951829694,0.2246029835185335,0.19777947125551418,0.1950423583534959,
15,"Total Energy, Gas, Oil & Coal Sector - ",Oil ,OECM  GHG,Oil Scope 3: Total CO2 equivalent,3,[Mt CO2 equiv./a],143.09265182165717,142.18438235853174,140.0787219189693,136.82168960262715,82.62127281934485,64.56577611111916,32.44184003954813,18.5860869578416,11.382382442286413,0,
16,"Total Energy, Gas, Oil & Coal Sector - ",Oil ,OECM  CO2,Oil Scope 1: ,1,[Mt CO2/a],13.249706726383334,10.042158865006229,10.48816970799831,9.14727846047745,7.50601294499434,6.238870401263351,3.908577242066263,2.9178322126080563,2.569366190873902,2.533808176149692,
17,"Total Energy, Gas, Oil & Coal Sector - ",Oil ,OECM  CO2,Oil Scope 2: Electricity - own sector use,2,[Mt CO2/a],0.7454421000000001,0.7238043000000001,0.9468297,0.9569565000000001,0.5777826752647894,0.4802431407310833,0.30086654951829694,0.2246029835185335,0.19777947125551418,0.1950423583534959,
18,"Total Energy, Gas, Oil & Coal Sector - ",Oil ,OECM  CO2,Oil Scope 3: Total CO2 ,3,[Mt CO2/a],134.15491266286762,133.24135105012553,131.23005501327123,128.4893090476921,74.84273795059363,57.50182200913199,27.27891238419135,12.856499831231565,11.382382442286413,0,
19,"Total Energy, Gas, Oil & Coal Sector - ",Oil ,Production Centric  GHG,Oil Scope 1: ,1,[Mt CO2 equiv./a],156.3423585480405,152.22654122353796,150.56689162696762,145.9689680631046,90.12728576433919,70.80464651238252,36.3504172816144,21.503919170449656,13.951748633160317,2.533808176149692,
20,"Total Energy, Gas, Oil & Coal Sector - ",Oil ,Production Centric  GHG,Oil Scope 2: Electricity - own sector use,2,[Mt CO2 equiv./a],0.7454421000000001,0.7238043000000001,0.9468297,0.9569565000000001,0.5777826752647894,0.4802431407310833,0.30086654951829694,0.2246029835185335,0.19777947125551418,0.1950423583534959,
21,"Total Energy, Gas, Oil & Coal Sector - ",Oil ,Production Centric  GHG,Oil Scope 3: Total CO2 equivalent,3,[Mt CO2 equiv./a],0.0,0,0.0,0.0,0,0,0,0,0,0,
22,"Total Energy, Gas, Oil & Coal Sector - ",Oil,Production Centric  CO2,Oil Scope 1: ,1,[Mt CO2/a],138.2445126628676,134.33575105012554,132.65743701327122,128.51027364769212,75.71376744046367,58.22580691867065,27.732480219235526,13.195097422562563,5.392942073281538,0.29403381785692806,
23,"Total Energy, Gas, Oil & Coal Sector - ",Oil ,Production Centric  CO2,Oil Scope 2: Electricity - own sector use,2,[Mt CO2/a],0.7454421000000001,0.7238043000000001,0.9468297,0.9569565000000001,0.5777826752647894,0.4802431407310833,0.30086654951829694,0.2246029835185335,0.19777947125551418,0.1950423583534959,
24,"Total Energy, Gas, Oil & Coal Sector - ",Oil ,Production Centric  CO2,Oil Scope 3: Total CO2,3,[Mt CO2/a],0.0,0,0.0,0.0,0,0,0,0,0,0,
25,"Total Energy, Gas, Oil & Coal Sector - ",Oil,Total,Oil - total CO2 emissions,Total,[Mt CO2/a],148.15006148925096,144.00731421513177,141.71822472126954,137.63658750816955,82.34875089558797,63.74069241039534,31.187489626257612,15.774332043839621,13.951748633160316,2.533808176149692,
26,"Total Energy, Gas, Oil & Coal Sector - ",Gas ,OECM  GHG,Gas Scope 1: ,1,[Mt CO2 equiv./a],604.138734520063,535.9060565104882,483.26946432316316,524.4,417.4258105616347,305.5821915419497,260.0156671849771,120.38281407839068,45.81718109719294,7.424938151028703,
27,"Total Energy, Gas, Oil & Coal Sector - ",Gas ,OECM  GHG,Gas Scope 2: Electricity - own sector use,2,[Mt CO2 equiv./a],0.08768984,0.10670071999999999,0.12067552000000001,0.11680648,0.10423393255664544,0.07630585540659186,0.06492759870446073,0.03006036954625115,0.011440847316065202,0.0018540552186514007,
28,"Total Energy, Gas, Oil & Coal Sector - ",Gas ,OECM  GHG,Gas Scope 3: Total CO2 equivalent,3,[Mt CO2 equiv./a],128.2016623553491,111.02544678173228,101.5554130455839,109.8114012208544,88.1230037338162,66.5242435031102,60.00082531174729,34.29172493928775,19.920492424128724,1.3219143700513263,
29,"Total Energy, Gas, Oil & Coal Sector - ",Gas ,OECM  CO2,Gas Scope 1: ,1,[Mt CO2/a],0.0,0,0.0,0.0,0,0,0,0,0,0,
30,"Total Energy, Gas, Oil & Coal Sector - ",Gas ,OECM  CO2,Gas Scope 2: Electricity - own sector use,2,[Mt CO2/a],0.08768984,0.10670071999999999,0.12067552000000001,0.11680648,0.10423393255664544,0.07630585540659186,0.06492759870446073,0.03006036954625115,0.011440847316065202,0.0018540552186514007,
31,"Total Energy, Gas, Oil & Coal Sector - ",Gas ,OECM  CO2,Gas Scope 3: Total CO2,3,[Mt CO2/a],117.01287070659663,101.16089205432367,92.5352166241853,100.4307590994206,78.05786761565207,57.85500167904974,48.68660394058806,22.27283991611565,19.920492424128724,1.3219143700513263,
32,"Total Energy, Gas, Oil & Coal Sector - ",Gas ,Production Centric  GHG,Gas Scope 1: ,1,[Mt CO2 equiv./a],732.3403968754121,646.9315032922204,584.824877368747,634.2114012208544,505.54881429545094,372.1064350450599,320.01649249672437,154.67453901767843,65.73767352132167,8.74685252108003,
33,"Total Energy, Gas, Oil & Coal Sector - ",Gas ,Production Centric  GHG,Gas Scope 2: Electricity - own sector use,2,[Mt CO2 equiv./a],0.08768984,0.10670071999999999,0.12067552000000001,0.11680648,0.10423393255664544,0.07630585540659186,0.06492759870446073,0.03006036954625115,0.011440847316065202,0.0018540552186514007,
34,"Total Energy, Gas, Oil & Coal Sector - ",Gas ,Production Centric  GHG,Gas Scope 3: Total CO2 equivalent,3,[Mt CO2 equiv./a],0.0,0,0.0,0.0,0,0,0,0,0,0,
35,"Total Energy, Gas, Oil & Coal Sector - ",Gas ,Production Centric  CO2,Gas Scope 1: ,1,[Mt CO2/a],117.01287070659663,101.16089205432367,92.5352166241853,100.4307590994206,78.05786761565207,57.85500167904974,48.68660394058806,22.27283991611565,8.447758854067876,1.3219143700513263,
36,"Total Energy, Gas, Oil & Coal Sector - ",Gas ,Production Centric  CO2,Gas Scope 2: Electricity - own sector use,2,[Mt CO2/a],0.08768984,0.10670071999999999,0.12067552000000001,0.11680648,0.10423393255664544,0.07630585540659186,0.06492759870446073,0.03006036954625115,0.011440847316065202,0.0018540552186514007,
37,"Total Energy, Gas, Oil & Coal Sector - ",Gas ,Production Centric  CO2,Gas Scope 3: Total CO2 ,3,[Mt CO2/a],0.0,0,0.0,0.0,0,0,0,0,0,0,
38,"Total Energy, Gas, Oil & Coal Sector - ",Gas,Total,Gas - total CO2 emissions,Total,[Mt CO2/a],708.6366456650691,627.3547027337238,566.5065710756318,614.4069369037886,489.73579700134064,358.27381970553364,304.65137712473654,140.51960981839352,52.75837752224706,7.424938151028703,
39,Energy Industry,Energy Industry - ,OECM  GHG,Energy Industry - Scope 1: Total CO2 equivalent,1,[Mt CO2 equiv./a],635.1644889226598,564.4560065796982,512.8100674970748,552.2518823947686,440.424385940507,326.11022637593726,273.8402834977311,126.78067885677581,49.59014278163751,9.958746327178396,
40,Energy Industry,Energy Industry - ,OECM  GHG,Energy Industry - Scope 2: Total CO2 equivalent,2,[Mt CO2 equiv./a],2.4052708181,2.5623024643,2.9649921764,2.7758106504000004,2.026696076329148,1.6686879263245915,1.1380075448400566,0.5278331303093281,0.3017164811522895,0.1968964135721473,
41,Energy Industry,Energy Industry - ,OECM  GHG,Energy Industry - Scope 3: Total CO2 equivalent,3,[Mt CO2 equiv./a],438.8239296089839,433.76345958381216,425.24185309425627,426.3118076919107,292.93568632306653,222.28283533484068,157.22027415650786,80.20680791496272,45.11819183626635,1.3219143700513263,
42,Energy Industry,Energy Industry - ,OECM  CO2,Energy Industry - Scope 1: Total CO2 (energy-only),1,[Mt CO2/a],17.040992156383332,14.14908722500623,15.03345914799831,12.83422626047745,11.202033222678637,9.647799151424536,6.2742208620931486,3.748054519925499,3.772961684444568,2.533808176149692,
43,Energy Industry,Energy Industry - ,OECM  CO2,Energy Industry - Scope 2: Total CO2 (energy-only),2,[Mt CO2/a],2.4052708181,2.5623024643,2.9649921764,2.7758106504000004,2.026696076329148,1.6686879263245915,1.1380075448400566,0.5278331303093281,0.3017164811522895,0.1968964135721473,
44,Energy Industry,Energy Industry - ,OECM  CO2,Energy Industry - Scope 3: Total CO2 (energy-only),3,[Mt CO2/a],408.8728698266902,404.5303327729575,396.7266592548407,398.5145468239342,265.13842545509004,196.71404539227294,132.49971216904657,55.344007398763495,37.951401728615316,1.3219143700513263,
45,Energy Industry,Energy Industry - ,Production Centric  GHG,Energy Industry - Scope 1: Total CO2 equivalent,1,[Mt CO2 equiv./a],1064.163889556892,987.7939253884706,927.4055900790121,968.4794518950717,723.4064823825124,538.5574676942579,422.8171446932937,199.87315840532142,87.54154451025283,11.28066069722972,
46,Energy Industry,Energy Industry - ,Production Centric  GHG,Energy Industry - Scope 2: Total CO2 equivalent,2,[Mt CO2 equiv./a],2.4052708181,2.5623024643,2.9649921764,2.7758106504000004,2.026696076329148,1.6686879263245915,1.1380075448400566,0.5278331303093281,0.3017164811522895,0.1968964135721473,
47,Energy Industry,Energy Industry - ,Production Centric  GHG,Energy Industry - Scope 3: Total CO2 equivalent,3,[Mt CO2 equiv./a],0.0,0,0.0,0.0,0,0,0,0,0,0,
48,Energy Industry,Energy Industry - ,Production Centric  CO2,Energy Industry - Scope 1: Total CO2 (energy-only),1,[Mt CO2/a],426.5782842314419,420.1572019079973,413.34566120715954,412.30669741554186,279.65906510370553,210.6825530684929,143.5623365850629,63.627155663829036,27.943156539975366,1.6159481879082542,
49,Energy Industry,Energy Industry - ,Production Centric  CO2,Energy Industry - Scope 2: Total CO2 (energy-only),2,[Mt CO2/a],2.4052708181,2.5623024643,2.9649921764,2.7758106504000004,2.026696076329148,1.6686879263245915,1.1380075448400566,0.5278331303093281,0.3017164811522895,0.1968964135721473,
50,Energy Industry,Energy Industry - ,Production Centric  CO2,Energy Industry - Scope 3: Total CO2 (energy-only),3,[Mt CO2/a],0.0,0,0.0,0.0,0,0,0,0,0,0,
51,Energy Industry,Energy Industry -,Total,Total energy-related CO2 emissions OECM,Total,[Mt CO2/a],856.7867071543201,771.3620169488556,891.8325139266044,931.7222412803874,571.7680896925734,513.2073278365403,335.2226814382295,183.6229378800665,65.81188577674932,9.958746327178396,
52,Total Utilities Sector,Power Utilities - ,OECM  GHG,Power Utilities - Scope 1: Total CO2 equivalent,1,[Mt CO2 equiv./a],5.70944192,5.82411368,5.3753744800000005,5.239562159999998,4.180158279090221,3.8426466266024484,2.5562978663509424,0.9275576923885562,0.2906013322598257,0,
53,Total Utilities Sector,Power Utilities - ,OECM  GHG,Power Utilities - Scope 2: Total CO2 equivalent,2,[Mt CO2 equiv./a],1.9268281978287294,1.6679146023900784,1.181166400091862,1.3718546034043495,0.8467331005388858,0.3916879387076579,0.188297527766158,0.09139715295392162,0.06249279023147141,0.00010498277294999999,
54,Total Utilities Sector,Power Utilities - ,OECM  GHG,Power Utilities - Scope 3: Total CO2 equivalent,3,[Mt CO2 equiv./a],144.04309484303576,150.12617927310004,139.0256026871175,133.3404399447872,98.35272966698896,81.24494297068365,46.35954039419045,8.253321301177957,0.3367188603214128,0,
55,Total Utilities Sector,Power Utilities - ,OECM  CO2,Power Utilities - Scope 1: Total CO2 (energy-only),1,[Mt CO2/a],5.70944192,5.82411368,5.3753744800000005,5.239562159999998,4.180158279090221,3.8426466266024484,2.5562978663509424,0.9275576923885562,0.2906013322598257,0,
56,Total Utilities Sector,Power Utilities - ,OECM  CO2,Power Utilities - Scope 2: Total CO2 (energy-only),2,[Mt CO2/a],1.9268281978287294,1.6679146023900784,1.181166400091862,1.3718546034043495,0.8467331005388858,0.3916879387076579,0.188297527766158,0.09139715295392162,0.06249279023147141,0.00010498277294999999,
57,Total Utilities Sector,Power Utilities - ,OECM  CO2,Power Utilities - Scope 3: Total CO2 (energy-only),3,[Mt CO2/a],138.33365292303577,144.30206559310002,133.6502282071175,128.1008777847872,94.17257138789874,77.40229634408121,43.8032425278395,7.325763608789401,0.046117528061587094,0,
58,Total Utilities Sector,Power Utilities - ,Production Centric  GHG,Power Utilities - Scope 1: Total CO2 equivalent,1,[Mt CO2 equiv./a],144.04309484303576,150.12617927310004,139.0256026871175,133.3404399447872,98.35272966698896,81.24494297068365,46.35954039419045,8.253321301177957,0.3367188603214128,0,
59,Total Utilities Sector,Power Utilities - ,Production Centric  GHG,Power Utilities - Scope 2: Total CO2 equivalent,2,[Mt CO2 equiv./a],1.9268281978287294,1.6679146023900784,1.181166400091862,1.3718546034043495,0.8467331005388858,0.3916879387076579,0.188297527766158,0.09139715295392162,0.06249279023147141,0.00010498277294999999,
60,Total Utilities Sector,Power Utilities - ,Production Centric  GHG,Power Utilities - Scope 3: Total CO2 equivalent,3,[Mt CO2 equiv./a],0.0,0,0.0,0.0,0,0,0,0,0,0,
61,Total Utilities Sector,Power Utilities - ,Production Centric  CO2,Power Utilities - Scope 1: Total CO2 (energy-only),1,[Mt CO2/a],140.2604811208645,145.9699801954901,134.83139460720935,129.47273238819156,95.01930448843763,77.79398428278887,43.99154005560566,7.417160761743323,0.1086103182930585,0.00010498277294999999,
62,Total Utilities Sector,Power Utilities - ,Production Centric  CO2,Power Utilities - Scope 2: Total CO2 (energy-only),2,[Mt CO2/a],1.9268281978287294,1.6679146023900784,1.181166400091862,1.3718546034043495,0.8467331005388858,0.3916879387076579,0.188297527766158,0.09139715295392162,0.06249279023147141,0.00010498277294999999,
63,Total Utilities Sector,Power Utilities - ,Production Centric  CO2,Power Utilities - Scope 3: Total CO2 (energy-only),3,[Mt CO2/a],0.0,0,0.0,0.0,0,0,0,0,0,0,
64,Total Utilities Sector,Gas Utilities - ,OECM  GHG,Gas Utilities - Scope 1: Total CO2 equivalent,1,[Mt CO2 equiv./a],19.08894745479859,14.296699197038816,14.202808469767604,15.431565339667504,10.397956570170802,8.323651739301123,6.541062225051565,2.7601737467917307,1.02132206229442,0.11841750400732987,
65,Total Utilities Sector,Gas Utilities - ,OECM  GHG,Gas Utilities - Scope 2: Total CO2 equivalent,2,[Mt CO2 equiv./a],6.872712041590597,2.8811541510880128,3.598441631716708,4.157249715631904,1.4572014890310017,1.0667639931923572,0.9076947515141554,0.42024717085114544,0.15994426513349133,0.02591988960884956,
66,Total Utilities Sector,Gas Utilities - ,OECM  GHG,Gas Utilities - Scope 3: Total CO2 equivalent,3,[Mt CO2 equiv./a],109.91508521211388,96.25399344872174,87.57047367627011,94.70911194814853,77.77807800095316,57.75578973811595,48.70327498595953,21.70359339691057,7.367844633896257,0.06657772478963077,
67,Total Utilities Sector,Gas Utilities - ,OECM  CO2,Gas Utilities - Scope 1: Total CO2 (energy-only),1,[Mt CO2/a],13.671773387690717,9.491351971552726,9.86944154596608,10.729390295307677,6.654994653133061,5.5835660126242725,4.20956111639449,1.6807285444095457,0.6104898625268083,0.0518397792176991,
68,Total Utilities Sector,Gas Utilities - ,OECM  CO2,Gas Utilities - Scope 2: Total CO2 (energy-only),2,[Mt CO2/a],6.872712041590597,2.8811541510880128,3.598441631716708,4.157249715631904,1.4572014890310017,1.0667639931923572,0.9076947515141554,0.42024717085114544,0.15994426513349133,0.02591988960884956,
69,Total Utilities Sector,Gas Utilities - ,OECM  CO2,Gas Utilities - Scope 3: Total CO2 (energy-only),3,[Mt CO2/a],104.49791114500601,91.44864622323566,83.23710675246859,90.0069369037887,74.03511608391541,55.0157040114391,46.37177387730246,20.624148194528384,6.957012434128646,0,
70,Total Utilities Sector,Gas Utilities - ,Production Centric  GHG,Gas Utilities - Scope 1: Total CO2 equivalent,1,[Mt CO2 equiv./a],129.00403266691248,110.55069264576056,101.77328214603772,110.14067728781603,88.17603457112396,66.07944147741708,55.2443372110111,24.4637671437023,8.389166696190678,0.18499522879696062,
71,Total Utilities Sector,Gas Utilities - ,Production Centric  GHG,Gas Utilities - Scope 2: Total CO2 equivalent,2,[Mt CO2 equiv./a],6.872712041590597,2.8811541510880128,3.598441631716708,4.157249715631904,1.4572014890310017,1.0667639931923572,0.9076947515141554,0.42024717085114544,0.15994426513349133,0.02591988960884956,
72,Total Utilities Sector,Gas Utilities - ,Production Centric  GHG,Gas Utilities - Scope 3: Total CO2 equivalent,3,[Mt CO2 equiv./a],0.0,0,0.0,0.0,0,0,0,0,0,0,
73,Total Utilities Sector,Gas Utilities - ,Production Centric  CO2,Gas Utilities - Scope 1: Total CO2 (energy-only),1,[Mt CO2/a],118.16968453269673,100.93999819478839,93.10654829843467,100.73632719909638,80.69011073704847,60.59927002406337,50.58133499369695,22.30487673893793,7.567502296655454,0.0518397792176991,
74,Total Utilities Sector,Gas Utilities - ,Production Centric  CO2,Gas Utilities - Scope 2: Total CO2 (energy-only),2,[Mt CO2/a],6.872712041590597,2.8811541510880128,3.598441631716708,4.157249715631904,1.4572014890310017,1.0667639931923572,0.9076947515141554,0.42024717085114544,0.15994426513349133,0.02591988960884956,
75,Total Utilities Sector,Gas Utilities - ,Production Centric  CO2,Gas Utilities - Scope 3: Total CO2 (energy-only),3,[Mt CO2/a],0.0,0,0.0,0.0,0,0,0,0,0,0,
76,Total Utilities Sector,Utilities - ,OECM  GHG,Utilities - Scope 1: Total CO2 equivalent,1,[Mt CO2 equiv./a],24.79838937479859,20.120812877038816,19.578182949767605,20.671127499667502,14.578114849261024,12.166298365903572,9.097360091402507,3.687731439180287,1.3119233945542457,0.11841750400732987,
77,Total Utilities Sector,Utilities - ,OECM  GHG,Utilities - Scope 2: Total CO2 equivalent,2,[Mt CO2 equiv./a],8.799540239419326,4.549068753478091,4.77960803180857,5.529104319036254,2.3039345895698875,1.458451931900015,1.0959922792803134,0.5116443238050671,0.22243705536496275,0.026024872381799558,
78,Total Utilities Sector,Utilities - ,OECM  GHG,Utilities - Scope 3: Total CO2 equivalent,3,[Mt CO2 equiv./a],253.95818005514963,246.3801727218218,226.59607636338762,228.0495518929357,176.13080766794212,139.0007327087996,95.06281538014997,29.956914698088525,7.70456349421767,0.06657772478963077,
79,Total Utilities Sector,Utilities - ,OECM  CO2,Utilities - Scope 1: Total CO2 (energy-only),1,[Mt CO2/a],19.381215307690717,15.315465651552726,15.244816025966081,15.968952455307676,10.83515293222328,9.426212639226721,6.765858982745433,2.6082862367981017,0.901091194786634,0.0518397792176991,
80,Total Utilities Sector,Utilities - ,OECM  CO2,Utilities - Scope 2: Total CO2 (energy-only),2,[Mt CO2/a],8.799540239419326,4.549068753478091,4.77960803180857,5.529104319036254,2.3039345895698875,1.458451931900015,1.0959922792803134,0.5116443238050671,0.22243705536496275,0.026024872381799558,
81,Total Utilities Sector,Utilities - ,OECM  CO2,Utilities - Scope 3: Total CO2 (energy-only),3,[Mt CO2/a],242.83156406804179,235.7507118163357,216.8873349595861,218.1078146885759,168.20768747181415,132.4180003555203,90.17501640514196,27.949911803317786,7.003129962190233,0,
82,Total Utilities Sector,Utilities - ,Production Centric  GHG,Utilities - Scope 1: Total CO2 equivalent,1,[Mt CO2 equiv./a],273.04712750994827,260.67687191886057,240.79888483315523,243.48111723260322,186.52876423811293,147.32438444810072,101.60387760520155,32.717088444880254,8.725885556512091,0.18499522879696062,
83,Total Utilities Sector,Utilities - ,Production Centric  GHG,Utilities - Scope 2: Total CO2 equivalent,2,[Mt CO2 equiv./a],8.799540239419326,4.549068753478091,4.77960803180857,5.529104319036254,2.3039345895698875,1.458451931900015,1.0959922792803134,0.5116443238050671,0.22243705536496275,0.026024872381799558,
84,Total Utilities Sector,Utilities - ,Production Centric  GHG,Utilities - Scope 3: Total CO2 equivalent,3,[Mt CO2 equiv./a],0.0,0,0.0,0.0,0,0,0,0,0,0,
85,Total Utilities Sector,Utilities - ,Production Centric  CO2,Utilities - Scope 1: Total CO2 (energy-only),1,[Mt CO2/a],258.43016565356123,246.9099783902785,227.93794290564404,230.20905958728792,175.7094152254861,138.39325430685224,94.57287504930261,29.722037500681253,7.676112614948512,0.051944761990649096,
86,Total Utilities Sector,Utilities - ,Production Centric  CO2,Utilities - Scope 2: Total CO2 (energy-only),2,[Mt CO2/a],8.799540239419326,4.549068753478091,4.77960803180857,5.529104319036254,2.3039345895698875,1.458451931900015,1.0959922792803134,0.5116443238050671,0.22243705536496275,0.026024872381799558,
87,Total Utilities Sector,Utilities - ,Production Centric  CO2,Utilities - Scope 3: Total CO2 (energy-only),3,[Mt CO2/a],0.0,0,0.0,0.0,0,0,0,0,0,0,
88,Total Utilities Sector,Utilities -,Total,Power Sector - total CO2 emissions incl. process,Total,[Mt CO2/a],149.06002136028383,150.5190489489682,139.61100263901793,135.00183670722782,97.32323907800752,79.25243621468888,45.08753233488598,7.928805085548389,0.3310473736580213,0.00010498277294999999,
89,Total Transport Sector,Aviation - ,OECM  GHG (CO2 only),Aviation - Scope 1:,1,[Mt CO2e],0.13540347344158737,0.13946875117580676,0.1495499272611099,0.14354901059915365,0.09833219712406766,0.07386948549184391,0.040464091248768416,0.012617514303470969,0.004287620783044009,0,
90,Total Transport Sector,Aviation - ,OECM  GHG (CO2 only),Aviation - Scope 2: ,2,[Mt CO2e],0.0,0,0.4,0.0,0.04425831189437456,0.1729279589752891,0.15718954378972105,0.027970062106334792,0.0007352412066374348,0,
91,Total Transport Sector,Aviation - ,OECM  GHG (CO2 only),Aviation - Scope 3: ,3,[Mt CO2e],4.5160423199999995,4.68624492,4.43661444,2.5654483968,2.8941981031544026,2.228825397557699,1.616387990023405,1.1582798879860823,0.7378821680697115,0.4595663585582124,
92,Total Transport Sector,Aviation - ,Production Centric  GHG (CO2 only),Aviation - Scope 1:,1,[Mt CO2e],4.651445793441587,4.825713671175807,4.58616436726111,2.7089974073991536,2.9925303002784704,2.3026948830495426,1.6568520812721734,1.1708974022895533,0.7421697888527555,0.4595663585582124,
93,Total Transport Sector,Aviation - ,Production Centric  GHG (CO2 only),Aviation - Scope 2: ,2,[Mt CO2e],0.0,0,0.4,0.0,0.04425831189437456,0.1729279589752891,0.15718954378972105,0.027970062106334792,0.0007352412066374348,0,
94,Total Transport Sector,Aviation - ,Production Centric  GHG (CO2 only),Aviation - Scope 3: ,3,[Mt CO2e],0.0,0,0.0,0.0,0,0,0,0,0,0,
95,Total Transport Sector,Aviation -,Total,Aviation - total CO2 emissions,Total,[Mt CO2/a],4.651445793441587,4.825713671175807,4.986164367261109,2.7089974073991536,3.036788612172845,2.4756228420248316,1.8140416250618945,1.198867464395888,0.742905030059393,0.4595663585582124,
96,Total Transport Sector,Shipping - ,OECM  GHG (CO2 only),Shipping - Scope 1:,1,[Mt CO2e],0.19343353348798212,0.19924107310829556,0.2136427532301572,0.20507001514164822,0.14047456732009675,0.10552783641691996,0.057805844641097774,0.01802502043352997,0.006125172547205729,0,
97,Total Transport Sector,Shipping - ,OECM  GHG (CO2 only),Shipping - Scope 2: ,2,[Mt CO2e],0.0,0,0.0,0.0,0.025431356679163207,0.15781996833595444,0.09370845666254218,0.0333705960702944,0.000896474125388726,0,
98,Total Transport Sector,Shipping - ,OECM  GHG (CO2 only),Shipping - Scope 3: ,3,[Mt CO2e],0.9368543999999998,1.1943366399999997,1.1941452799999996,1.2455651839999997,1.2624541843311194,1.0345628887034832,0.9090741505604754,0.20405581522148766,0.04139181997879585,0,
99,Total Transport Sector,Shipping - ,Production Centric  GHG (CO2 only),Shipping - Scope 1:,1,[Mt CO2e],1.1302879334879818,1.3935777131082954,1.4077880332301569,1.450635199141648,1.402928751651216,1.140090725120403,0.9668799952015731,0.22208083565501763,0.047516992526001584,0,
100,Total Transport Sector,Shipping - ,Production Centric  GHG (CO2 only),Shipping - Scope 2: ,2,[Mt CO2e],0.0,0,0.0,0.0,0.025431356679163207,0.15781996833595444,0.09370845666254218,0.0333705960702944,0.000896474125388726,0,
101,Total Transport Sector,Shipping - ,Production Centric  GHG (CO2 only),Shipping - Scope 3: ,3,[Mt CO2e],0.0,0,0.0,0.0,0,0,0,0,0,0,
102,Total Transport Sector,Shipping -,Total,Shipping - total CO2 emissions,Total,[Mt CO2/a],0.9368543999999998,1.1943366399999997,1.1941452799999996,1.2455651839999997,1.2878855410102827,1.1923828570394377,1.0027826072230175,0.23742641129178205,0.04228829410418458,0,
103,Total Transport Sector,Road Transport - ,OECM  GHG (CO2 only),Road Transport - Scope 1:,1,[Mt CO2e],1.5087815612062605,1.5540803702447052,1.6664134751952262,1.5995461181048558,1.0957016250967546,0.8231171240519755,0.4508855882005627,0.14059515938153377,0.047776345868204693,0,
104,Total Transport Sector,Road Transport - ,OECM  GHG (CO2 only),Road Transport - Scope 2: ,2,[Mt CO2e],0.0,0,0.0,0.0,0.9350113246139884,0.7133429979686365,1.565234844321288,0.2999833023927676,0.007689586626734018,0,
105,Total Transport Sector,Road Transport - ,OECM  GHG (CO2 only),Road Transport - Scope 3: ,3,0,73.64521662000003,73.78040831999999,74.47073330999999,71.66304534,54.502252197957695,44.14452357631765,21.961818225183592,10.806274888562786,4.369508553090383,1.132857327785547e-15,
106,Total Transport Sector,Road Transport - ,Production Centric  GHG (CO2 only),Road Transport - Scope 1:,1,[Mt CO2e],75.15399818120629,75.3344886902447,76.13714678519521,73.26259145810485,55.597953823054446,1.6203248018385916,55.597953823054446,44.96764070036963,22.412703813384155,10.94687004794432,
107,Total Transport Sector,Road Transport - ,Production Centric  GHG (CO2 only),Road Transport - Scope 2: ,2,[Mt CO2e],0.0,0,0.0,0.0,0.9350113246139884,0.32628869319887444,0.9350113246139884,0.7133429979686365,1.565234844321288,0.2999833023927676,
108,Total Transport Sector,Road Transport - ,Production Centric  GHG (CO2 only),Road Transport - Scope 3: ,3,[Mt CO2e],0.0,0,0.0,0.0,0,0,0,0,0,0,
109,Total Transport Sector,Road Transport -,Total,Road - total CO2 emissions,Total,[Mt CO2/a],73.64521662000003,73.78040831999999,74.47073330999999,71.66304534,54.502252197957695,44.14452357631765,21.961818225183592,10.806274888562786,4.369508553090383,1.132857327785547e-15,
110,Total Transport Sector,Transport - ,OECM  GHG (CO2 only),Transport - Scope 1:,1,[Mt CO2e],1.83761856813583,1.8927901945288075,2.0296061556864933,1.9481651438456575,1.334508389540919,1.0025144459607394,0.5491555240904289,0.1712376941185347,0.058189139198454434,0,
111,Total Transport Sector,Transport - ,OECM  GHG (CO2 only),Transport - Scope 2: ,2,[Mt CO2e],0.0,0,0.4,0.0,1.0047009931875261,1.04409092527988,1.8161328447735512,0.3613239605693968,0.00932130195876018,0,
112,Total Transport Sector,Transport - ,OECM  GHG (CO2 only),Transport - Scope 3: ,3,[Mt CO2e],79.09811334000003,79.66098987999999,80.10149302999999,75.47405892079999,58.658904485443216,47.407911862578835,24.48728036576747,12.168610591770356,5.148782541138891,0.4595663585582135,
113,Total Transport Sector,Transport - ,Production Centric  GHG (CO2 only),Transport - Scope 1:,1,[Mt CO2e],80.93573190813586,81.5537800745288,82.13109918568648,77.42222406464565,59.99341287498413,48.41042630853958,25.036435889857902,12.339848285888891,5.206971680337345,0.4595663585582135,
114,Total Transport Sector,Transport - ,Production Centric  GHG (CO2 only),Transport - Scope 2: ,2,[Mt CO2e],0.0,0,0.4,0.0,1.0047009931875261,1.04409092527988,1.8161328447735512,0.3613239605693968,0.00932130195876018,0,
115,Total Transport Sector,Transport - ,Production Centric  GHG (CO2 only),Transport - Scope 3: ,3,[Mt CO2e],0.0,0,0.0,0.0,0,0,0,0,0,0,
116,Total Transport Sector,Transport -,Total,Transport - total CO2 emissions,Total,[Mt CO2/a],80.93573190813585,81.5537800745288,82.53109918568649,77.42222406464565,60.998113868171664,49.45451723381945,26.85256873463145,12.701172246458288,5.216292982296105,0.4595663585582135,
117,Water Utilities,Water Utilities - ,OECM  GHG,Water Utilities - Scope 1: Total CO2 equivalent,1,[Mt CO2 equiv./a],0.00045893794252918813,0.0005730655461614812,0.0007566767790966529,0.0008517572462968455,0.0007758358233054726,0.0005322941379607245,0.0003988375020040716,0.00022406766613234833,5.566067711207912e-05,0,
118,Water Utilities,Water Utilities - ,OECM  GHG,Water Utilities - Scope 2: Total CO2 equivalent,2,[Mt CO2 equiv./a],0.20385043123510738,0.2076360817548442,0.19427381428454077,0.1850021428948441,0.09308741392974253,0.05334306629849213,0.021189425023753646,0.0027796490777598055,6.266994426133883e-05,0,
119,Water Utilities,Water Utilities - ,OECM  GHG,Water Utilities - Scope 3: Total CO2 equivalent,3,[Mt CO2 equiv./a],12.04880780059039,12.04880780059039,12.04880780059039,12.04880780059039,12.04880780059039,12.04880780059039,12.04880780059039,12.04880780059039,12.04880780059039,12.04880780059039,
120,Water Utilities,Water Utilities - ,OECM  CO2,Water Utilities - Scope 1: Total CO2,1,[Mt CO2/a],0.00045893794252918813,0.0005730655461614812,0.0007566767790966529,0.0008517572462968455,0.0007758358233054726,0.0005322941379607245,0.0003988375020040716,0.00022406766613234833,5.566067711207912e-05,0,
121,Water Utilities,Water Utilities - ,OECM  CO2,Water Utilities - Scope 2: Total CO2,2,[Mt CO2/a],0.20385043123510738,0.2076360817548442,0.19427381428454077,0.1850021428948441,0.09308741392974253,0.05334306629849213,0.021189425023753646,0.0027796490777598055,6.266994426133883e-05,0,
122,Water Utilities,Water Utilities - ,OECM  CO2,Water Utilities - Scope 3: Total CO2,3,[Mt CO2/a],0.0,0,0.0,0.0,0,0,0,0,0,0,
123,Water Utilities,Water Utilities - ,Production Centric  GHG,Water Utilities - Scope 1: Total CO2 equivalent,1,[Mt CO2 equiv./a],12.04926673853292,12.049380866136552,12.049564477369486,12.049659557836687,12.049583636413695,12.04934009472835,12.049206638092395,12.049031868256522,12.048863461267503,12.04880780059039,
124,Water Utilities,Water Utilities - ,Production Centric  GHG,Water Utilities - Scope 2: Total CO2 equivalent,2,[Mt CO2 equiv./a],0.20385043123510738,0.2076360817548442,0.19427381428454077,0.1850021428948441,0.09308741392974253,0.05334306629849213,0.021189425023753646,0.0027796490777598055,6.266994426133883e-05,0,
125,Water Utilities,Water Utilities - ,Production Centric  GHG,Water Utilities - Scope 3: Total CO2 equivalent,3,[Mt CO2 equiv./a],0.0,0,0.0,0.0,0,0,0,0,0,0,
126,Water Utilities,Water Utilities - ,Production Centric  CO2,Water Utilities - Scope 1: Total CO2,1,[Mt CO2/a],0.00045893794252918813,0.0005730655461614812,0.0007566767790966529,0.0008517572462968455,0.0007758358233054726,0.0005322941379607245,0.0003988375020040716,0.00022406766613234833,5.566067711207912e-05,0,
127,Water Utilities,Water Utilities - ,Production Centric  CO2,Water Utilities - Scope 2: Total CO2,2,[Mt CO2/a],0.20385043123510738,0.2076360817548442,0.19427381428454077,0.1850021428948441,0.09308741392974253,0.05334306629849213,0.021189425023753646,0.0027796490777598055,6.266994426133883e-05,0,
128,Water Utilities,Water Utilities - ,Production Centric  CO2,Water Utilities - Scope 3: Total CO2,3,[Mt CO2/a],0.0,0,0.0,0.0,0,0,0,0,0,0,
129,"Agriculture, Food & Tobacco","Agriculture, Food Processing &Tobacco - ",OECM  GHG,"Agriculture, Food Processing &Tobacco - Scope 1: Total CO2 equivalent",1,[Mt CO2 equiv./a],6.853507831550447,7.125564116124529,8.322665421045572,9.972252224208358,7.303100868972437,6.4656945700517,6.137502078729267,4.366651774744272,1.3399368856183695,0,
130,"Agriculture, Food & Tobacco","Agriculture, Food Processing & Tobacco - ",OECM  GHG,"Agriculture, Food Processing & Tobacco - Scope 2: Total CO2 equivalent",2,[Mt CO2 equiv./a],9.176465845400212,11.560109540481301,11.005200798482441,12.431130149711215,7.646945581993322,5.787680792230536,2.9963670824915734,0.5130071229397277,0.01471168872343062,0,
131,"Agriculture, Food & Tobacco","Agriculture, Food Processing & Tobacco - ",OECM  GHG,"Agriculture, Food Processing & Tobacco - Scope 3: Total CO2 equivalent",3,[Mt CO2 equiv./a],134.4842784485357,124.35486646139675,114.2254544742578,104.09604248711885,104.09607013209715,87.02565855673963,80.8398524196885,79.6042115578282,77.78230464090724,74.88422215041932,
132,"Agriculture, Food & Tobacco","Agriculture, Food Processing &Tobacco - ",OECM  CO2,"Agriculture, Food Processing &Tobacco - Scope 1: Total CO2 (energy-only)",1,[Mt CO2/a],6.853507831550447,7.125564116124529,8.322665421045572,9.972252224208358,7.303100868972437,6.4656945700517,6.137502078729267,4.366651774744272,1.3399368856183695,0,
133,"Agriculture, Food & Tobacco","Agriculture, Food Processing & Tobacco - ",OECM  CO2,"Agriculture, Food Processing & Tobacco - Scope 2: Total CO2 (energy-only)",2,[Mt CO2/a],9.176465845400212,11.560109540481301,11.005200798482441,12.431130149711215,7.646945581993322,5.787680792230536,2.9963670824915734,0.5130071229397277,0.01471168872343062,0,
134,"Agriculture, Food & Tobacco","Agriculture, Food Processing & Tobacco - ",OECM  CO2,"Agriculture, Food Processing & Tobacco - Scope 3: Total CO2 (energy-only)",3,[Mt CO2/a],0.0,0,0.0,0.0,0,0,0,0,0,0,
135,"Agriculture, Food & Tobacco","Agriculture, Food Processing &Tobacco - ",Production Centric  GHG,"Agriculture, Food Processing &Tobacco - Scope 1: Total CO2 equivalent",1,[Mt CO2 equiv./a],141.33778628008614,131.48043057752128,122.54811989530337,114.06829471132721,111.39917100106959,93.49135312679132,86.97735449841777,83.97086333257246,79.12224152652561,74.88422215041932,
136,"Agriculture, Food & Tobacco","Agriculture, Food Processing & Tobacco - ",Production Centric  GHG,"Agriculture, Food Processing & Tobacco - Scope 2: Total CO2 equivalent",2,[Mt CO2 equiv./a],9.176465845400212,11.560109540481301,11.005200798482441,12.431130149711215,7.646945581993322,5.787680792230536,2.9963670824915734,0.5130071229397277,0.01471168872343062,0,
137,"Agriculture, Food & Tobacco","Agriculture, Food Processing & Tobacco - ",Production Centric  GHG,"Agriculture, Food Processing & Tobacco - Scope 3: Total CO2 equivalent",3,[Mt CO2 equiv./a],0.0,0,0.0,0.0,0,0,0,0,0,0,
138,"Agriculture, Food & Tobacco","Agriculture, Food Processing &Tobacco - ",Production Centric  CO2,"Agriculture, Food Processing &Tobacco - Scope 1: Total CO2 (energy-only)",1,[Mt CO2/a],6.853507831550447,7.125564116124529,8.322665421045572,9.972252224208358,7.303100868972437,6.4656945700517,6.137502078729267,4.366651774744272,1.3399368856183695,0,
139,"Agriculture, Food & Tobacco","Agriculture, Food Processing & Tobacco - ",Production Centric  CO2,"Agriculture, Food Processing & Tobacco - Scope 2: Total CO2 (energy-only)",2,[Mt CO2/a],9.176465845400212,11.560109540481301,11.005200798482441,12.431130149711215,7.646945581993322,5.787680792230536,2.9963670824915734,0.5130071229397277,0.01471168872343062,0,
140,"Agriculture, Food & Tobacco","Agriculture, Food Processing & Tobacco - ",Production Centric  CO2,"Agriculture, Food Processing & Tobacco - Scope 3: Total CO2 (energy-only)",3,[Mt CO2/a],0.0,0,0.0,0.0,0,0,0,0,0,0,
141,Forestry & Wood,"Forestry, Wood Products - ",OECM  GHG,"Forestry, Wood Products - Scope 1: Total CO2 equivalent",1,[Mt CO2 equiv./a],2.4176075729439956,2.5711288887047012,3.083672483589205,2.9982629623852537,2.6458420296669076,2.2910248012497374,2.1673059976244655,1.5367363211973601,0.4715580235070177,0,
142,Forestry & Wood,"Forestry, Wood Products - ",OECM  GHG,"Forestry, Wood Products - Scope 2: Total CO2 equivalent",2,[Mt CO2 equiv./a],5.738976334588937,6.920827243996141,6.586288440852568,7.3631839590777375,4.502507939061345,3.3560463922949966,1.7409009649520297,0.29951074511540093,0.008701234859286285,0,
143,Forestry & Wood,"Forestry, Wood Products - ",OECM  GHG,"Forestry, Wood Products - Scope 3: Total CO2 equivalent",3,[Mt CO2 equiv./a],0.0,0,0.0,0.0,0,0,0,0,0,0,
144,Forestry & Wood,"Forestry, Wood Products - ",OECM  CO2,"Forestry, Wood Products - Scope 1: Total CO2 (energy-only)",1,[Mt CO2/a],2.4176075729439956,2.5711288887047012,3.083672483589205,2.9982629623852537,2.6458420296669076,2.2910248012497374,2.1673059976244655,1.5367363211973601,0.4715580235070177,0,
145,Forestry & Wood,"Forestry, Wood Products - ",OECM  CO2,"Forestry, Wood Products - Scope 2: Total CO2 (energy-only)",2,[Mt CO2/a],5.738976334588937,6.920827243996141,6.586288440852568,7.3631839590777375,4.502507939061345,3.3560463922949966,1.7409009649520297,0.29951074511540093,0.008701234859286285,0,
146,Forestry & Wood,"Forestry, Wood Products - ",OECM  CO2,"Forestry, Wood Products - Scope 3: Total CO2 (energy-only)",3,[Mt CO2/a],0.0,0,0.0,0.0,0,0,0,0,0,0,
147,Forestry & Wood,"Forestry, Wood Products - ",Production Centric  GHG,"Forestry, Wood Products - Scope 1: Total CO2 equivalent",1,[Mt CO2 equiv./a],2.4176075729439956,2.5711288887047012,3.083672483589205,2.9982629623852537,2.6458420296669076,2.2910248012497374,2.1673059976244655,1.5367363211973601,0.4715580235070177,0,
148,Forestry & Wood,"Forestry, Wood Products - ",Production Centric  GHG,"Forestry, Wood Products - Scope 2: Total CO2 equivalent",2,[Mt CO2 equiv./a],5.738976334588937,6.920827243996141,6.586288440852568,7.3631839590777375,4.502507939061345,3.3560463922949966,1.7409009649520297,0.29951074511540093,0.008701234859286285,0,
149,Forestry & Wood,"Forestry, Wood Products - ",Production Centric  GHG,"Forestry, Wood Products - Scope 3: Total CO2 equivalent",3,[Mt CO2 equiv./a],0.0,0,0.0,0.0,0,0,0,0,0,0,
150,Forestry & Wood,"Forestry, Wood Products - ",Production Centric  CO2,"Forestry, Wood Products - Scope 1: Total CO2 (energy-only)",1,[Mt CO2/a],2.4176075729439956,2.5711288887047012,3.083672483589205,2.9982629623852537,2.6458420296669076,2.2910248012497374,2.1673059976244655,1.5367363211973601,0.4715580235070177,0,
151,Forestry & Wood,"Forestry, Wood Products - ",Production Centric  CO2,"Forestry, Wood Products - Scope 2: Total CO2 (energy-only)",2,[Mt CO2/a],5.738976334588937,6.920827243996141,6.586288440852568,7.3631839590777375,4.502507939061345,3.3560463922949966,1.7409009649520297,0.29951074511540093,0.008701234859286285,0,
152,Forestry & Wood,"Forestry, Wood Products - ",Production Centric  CO2,"Forestry, Wood Products - Scope 3: Total CO2 (energy-only)",3,[Mt CO2/a],0.0,0,0.0,0.0,0,0,0,0,0,0,
153,Chemical Industries,Chemical Industry - ,OECM  GHG,Chemical Industry - Scope 1: Total CO2 equivalent,1,[Mt CO2 equiv./a],4.503221761719387,4.721805492145643,4.684259014888572,5.381941225286914,3.596449635535784,2.704172779810953,1.6302069663812393,0.7544570057060697,0.34405466274625457,0,
154,Chemical Industries,Chemical Industry - ,OECM  GHG,Chemical Industry - Scope 2: Total CO2 equivalent,2,[Mt CO2 equiv./a],3.340830111435526,3.5045328100275577,3.2078593445957377,3.4757392708555552,2.343845855158576,1.715555499284577,0.8637664227556687,0.14376900375351637,0.0041220873149030186,0,
155,Chemical Industries,Chemical Industry - ,OECM  GHG,Chemical Industry - Scope 3: Total CO2 equivalent,3,[Mt CO2 equiv./a],15.556370105234802,9.561825389608492,9.312626673982182,12.295177565675878,12.295177565675878,9.015929361841277,8.538455426383857,8.378814733706301,8.401852072126548,8.280848839323795,
156,Chemical Industries,Chemical Industry - ,OECM  CO2,Chemical Industry - Scope 1: Total CO2 (energy-only),1,[Mt CO2/a],4.503221761719387,4.721805492145643,4.684259014888572,5.381941225286914,3.596449635535784,2.704172779810953,1.6302069663812393,0.7544570057060697,0.34405466274625457,0,
157,Chemical Industries,Chemical Industry - ,OECM  CO2,Chemical Industry - Scope 2: Total CO2 (energy-only),2,[Mt CO2/a],3.340830111435526,3.5045328100275577,3.2078593445957377,3.4757392708555552,2.343845855158576,1.715555499284577,0.8637664227556687,0.14376900375351637,0.0041220873149030186,0,
158,Chemical Industries,Chemical Industry - ,OECM  CO2,Chemical Industry - Scope 3: Total CO2 (energy-only),3,[Mt CO2/a],0.0,0,0.0,0.0,0,0,0,0,0,0,
159,Chemical Industries,Chemical Industry - ,Production Centric  GHG,Chemical Industry - Scope 1: Total CO2 equivalent,1,[Mt CO2 equiv./a],20.05959186695419,14.283630881754135,13.996885688870755,17.677118790962794,15.891627201211662,11.72010214165223,10.168662392765096,9.13327173941237,8.745906734872802,8.280848839323795,
160,Chemical Industries,Chemical Industry - ,Production Centric  GHG,Chemical Industry - Scope 2: Total CO2 equivalent,2,[Mt CO2 equiv./a],3.340830111435526,3.5045328100275577,3.2078593445957377,3.4757392708555552,2.343845855158576,1.715555499284577,0.8637664227556687,0.14376900375351637,0.0041220873149030186,0,
161,Chemical Industries,Chemical Industry - ,Production Centric  GHG,Chemical Industry - Scope 3: Total CO2 equivalent,3,[Mt CO2 equiv./a],15.556370105234802,9.561825389608492,9.312626673982182,12.295177565675878,12.295177565675878,9.015929361841277,8.538455426383857,8.378814733706301,8.401852072126548,8.280848839323795,
162,Chemical Industries,Chemical Industry - ,Production Centric  CO2,Chemical Industry - Scope 1: Total CO2 (energy-only),1,[Mt CO2/a],4.503221761719387,4.721805492145643,4.684259014888572,5.381941225286914,3.596449635535784,2.704172779810953,1.6302069663812393,0.7544570057060697,0.34405466274625457,0,
163,Chemical Industries,Chemical Industry - ,Production Centric  CO2,Chemical Industry - Scope 2: Total CO2 (energy-only),2,[Mt CO2/a],3.340830111435526,3.5045328100275577,3.2078593445957377,3.4757392708555552,2.343845855158576,1.715555499284577,0.8637664227556687,0.14376900375351637,0.0041220873149030186,0,
164,Chemical Industries,Chemical Industry - ,Production Centric  CO2,Chemical Industry - Scope 3: Total CO2 (energy-only),3,[Mt CO2/a],0.0,0,0.0,0.0,0,0,0,0,0,0,
165,Chemical Industries,Chemical Industry -,Total,Chemical Industry - total CO2 emissions - EXCLUDING SCOPE 2 (Electricity),Total,[Mt CO2/a],4.503221761719387,4.721805492145643,4.684259014888572,5.381941225286914,3.596449635535784,2.704172779810953,1.6302069663812393,0.7544570057060697,0.34405466274625457,0,
166,Textile & Leather Industries,Textile & Leather - ,OECM  GHG,Textile & Leather - Scope 1: Total CO2 equivalent,1,[Mt CO2 equiv./a],9.56297085135106,10.094371487481043,10.134785005367474,10.21220548638482,6.715205196444933,4.617084894732223,2.356919560081687,0.9368976515606724,0.3727614839385408,0,
167,Textile & Leather Industries,Textile & Leather - ,OECM  GHG,Textile & Leather - Scope 2: Total CO2 equivalent,2,[Mt CO2 equiv./a],8.172136057298221,8.839440708108297,8.009705981840506,7.536965724409832,5.0501072979098245,3.381215341020597,1.441560815856977,0.2060903008795261,0.005155317367967826,0,
168,Textile & Leather Industries,Textile & Leather - ,OECM  GHG,Textile & Leather - Scope 3: Total CO2 equivalent,3,[Mt CO2 equiv./a],0.9669126565027596,0.914177945468425,0.8614432344340905,0.8087085233997559,0.8087085233997559,0.65656462217406,0.6016939078871704,0.5903982544941123,0.5693838146722988,0.5436758174776369,
169,Textile & Leather Industries,Textile & Leather - ,OECM  CO2,Textile & Leather - Scope 1: Total CO2 (energy-only),1,[Mt CO2/a],9.56297085135106,10.094371487481043,10.134785005367474,10.21220548638482,6.715205196444933,4.617084894732223,2.356919560081687,0.9368976515606724,0.3727614839385408,0,
170,Textile & Leather Industries,Textile & Leather - ,OECM  CO2,Textile & Leather - Scope 2: Total CO2 (energy-only),2,[Mt CO2/a],8.172136057298221,8.839440708108297,8.009705981840506,7.536965724409832,5.0501072979098245,3.381215341020597,1.441560815856977,0.2060903008795261,0.005155317367967826,0,
171,Textile & Leather Industries,Textile & Leather - ,OECM  CO2,Textile & Leather - Scope 3: Total CO2 (energy-only),3,[Mt CO2/a],0.0,0,0.0,0.0,0,0,0,0,0,0,
172,Textile & Leather Industries,Textile & Leather - ,Production Centric  GHG,Textile & Leather - Scope 1: Total CO2 equivalent,1,[Mt CO2 equiv./a],10.529883507853821,11.008549432949469,10.996228239801566,11.020914009784576,7.523913719844689,5.273649516906283,2.958613467968857,1.5272959060547846,0.9421452986108396,0.5436758174776369,
173,Textile & Leather Industries,Textile & Leather - ,Production Centric  GHG,Textile & Leather - Scope 2: Total CO2 equivalent,2,[Mt CO2 equiv./a],8.172136057298221,8.839440708108297,8.009705981840506,7.536965724409832,5.0501072979098245,3.381215341020597,1.441560815856977,0.2060903008795261,0.005155317367967826,0,
174,Textile & Leather Industries,Textile & Leather - ,Production Centric  GHG,Textile & Leather - Scope 3: Total CO2 equivalent,3,[Mt CO2 equiv./a],0.0,0,0.0,0.0,0,0,0,0,0,0,
175,Textile & Leather Industries,Textile & Leather - ,Production Centric  CO2,Textile & Leather - Scope 1: Total CO2 (energy-only),1,[Mt CO2/a],9.56297085135106,10.094371487481043,10.134785005367474,10.21220548638482,6.715205196444933,4.617084894732223,2.356919560081687,0.9368976515606724,0.3727614839385408,0,
176,Textile & Leather Industries,Textile & Leather - ,Production Centric  CO2,Textile & Leather - Scope 2: Total CO2 (energy-only),2,[Mt CO2/a],8.172136057298221,8.839440708108297,8.009705981840506,7.536965724409832,5.0501072979098245,3.381215341020597,1.441560815856977,0.2060903008795261,0.005155317367967826,0,
177,Textile & Leather Industries,Textile & Leather -,Production Centric  CO2,Textile & Leather - Scope 3: Total CO2 (energy-only),3,[Mt CO2/a],0.0,0,0.0,0.0,0,0,0,0,0,0,
178,Aluminium Industry,Aluminium Industry - ,OECM  GHG,Aluminium Industry - Scope 1: Total CO2 equivalent,1,[Mt CO2 equiv./a],2.7663009134218752,2.753822039414219,2.796544172449606,2.7987077391777646,2.679682487760273,2.4772217102425107,2.297947355128228,2.159434223438126,2.0608563073039594,1.9722953866879958,
179,Aluminium Industry,Aluminium Industry - ,OECM  GHG,Aluminium Industry - Scope 2: Total CO2 equivalent,2,[Mt CO2 equiv./a],1.036577874493236,1.048024840974224,0.9983694371206069,0.9498411982238933,1.1562313670975606,0.6740276470889767,0.27231961655833803,0.036363416793135275,0.0008352582563844962,0,
180,Aluminium Industry,Aluminium Industry - ,OECM  GHG,Aluminium Industry - Scope 3: Total CO2 equivalent,3,[Mt CO2 equiv./a],0.6728082434932969,0.617663933125958,0.5625196227586189,0.50737531239128,0.50737531239128,0.16750910143492817,0.13886966520641572,0.15106738769846725,0.17414131485405832,0.1980708547358774,
181,Aluminium Industry,Aluminium Industry - ,OECM  CO2,Aluminium Industry - Scope 1: Total CO2 (energy-only),1,[Mt CO2/a],0.3645509134218753,0.36982203941421926,0.36929417244960605,0.37370773917776456,0.32755373776027324,0.20024347380501054,0.09804483199413729,0.036088308109101463,0.013420008447948177,0,
182,Aluminium Industry,Aluminium Industry - ,OECM  CO2,Aluminium Industry - Scope 2: Total CO2 (energy-only),2,[Mt CO2/a],1.036577874493236,1.048024840974224,0.9983694371206069,0.9498411982238933,1.1562313670975606,0.6740276470889767,0.27231961655833803,0.036363416793135275,0.0008352582563844962,0,
183,Aluminium Industry,Aluminium Industry - ,OECM  CO2,Aluminium Industry - Scope 3: Total CO2 (energy-only),3,[Mt CO2/a],0.6728082434932969,0.617663933125958,0.5625196227586189,0.50737531239128,0.50737531239128,0.16750910143492817,0.13886966520641572,0.15106738769846725,0.17414131485405832,0.1980708547358774,
184,Aluminium Industry,Aluminium Industry - ,Production Centric  GHG,Aluminium Industry - Scope 1: Total CO2 equivalent,1,[Mt CO2 equiv./a],3.439109156915172,3.371485972540177,3.359063795208225,3.3060830515690447,3.1870578001515533,2.644730811677439,2.4368170203346438,2.3105016111365932,2.234997622158018,2.1703662414238734,
185,Aluminium Industry,Aluminium Industry - ,Production Centric  GHG,Aluminium Industry - Scope 2: Total CO2 equivalent,2,[Mt CO2 equiv./a],1.036577874493236,1.048024840974224,0.9983694371206069,0.9498411982238933,1.1562313670975606,0.6740276470889767,0.27231961655833803,0.036363416793135275,0.0008352582563844962,0,
186,Aluminium Industry,Aluminium Industry - ,Production Centric  GHG,Aluminium Industry - Scope 3: Total CO2 equivalent,3,[Mt CO2 equiv./a],0.0,0,0.0,0.0,0,0,0,0,0,0,
187,Aluminium Industry,Aluminium Industry - ,Production Centric  CO2,Aluminium Industry - Scope 1: Total CO2 (energy-only),1,[Mt CO2/a],0.3645509134218753,0.36982203941421926,0.36929417244960605,0.37370773917776456,0.32755373776027324,0.20024347380501054,0.09804483199413729,0.036088308109101463,0.013420008447948177,0,
188,Aluminium Industry,Aluminium Industry - ,Production Centric  CO2,Aluminium Industry - Scope 2: Total CO2 (energy-only),2,[Mt CO2/a],1.036577874493236,1.048024840974224,0.9983694371206069,0.9498411982238933,1.1562313670975606,0.6740276470889767,0.27231961655833803,0.036363416793135275,0.0008352582563844962,0,
189,Aluminium Industry,Aluminium Industry - ,Production Centric  CO2,Aluminium Industry - Scope 3: Total CO2 (energy-only),3,[Mt CO2/a],0.0,0,0.0,0.0,0,0,0,0,0,0,
190,Residential & Commercial Buildings and Construction,Buildings - ,OECM  GHG,Buildings - Scope 1: Total CO2 equivalent,1,[Mt CO2 equiv./a],2.02967819810189,2.1197876457839167,1.783434864408774,1.711327947571501,1.2887538529946867,0.9988393381250041,0.5486458194030163,0.17071191393498925,0.057918706558337606,0,
191,Residential & Commercial Buildings and Construction,Buildings - ,OECM  GHG,Buildings - Scope 2: Total CO2 equivalent,2,[Mt CO2 equiv./a],14.514267598307127,57.6549507314341,58.5417352158142,57.20679041168903,32.952189944974734,21.312605580062556,13.766522282058878,5.558046521492042,1.2577765786743584,0,
192,Residential & Commercial Buildings and Construction,Buildings - ,OECM  GHG,Buildings - Scope 3: Total CO2 equivalent,3,[Mt CO2 equiv./a],18.379340402085294,18.825460292997363,15.775643025050472,19.027403239410788,13.45818664470544,7.4569799176367955,3.36890443138833,1.0566997090052959,0.46115092911556965,0.008515558105816973,
193,Residential & Commercial Buildings and Construction,Buildings - ,OECM  CO2,Buildings - Scope 1: Total CO2 (energy-only),1,[Mt CO2/a],2.02967819810189,2.1197876457839167,1.783434864408774,1.711327947571501,1.2887538529946867,0.9988393381250041,0.5486458194030163,0.17071191393498925,0.057918706558337606,0,
194,Residential & Commercial Buildings and Construction,Buildings - ,OECM  CO2,Buildings - Scope 2: Total CO2 (energy-only),2,[Mt CO2/a],14.514267598307127,57.6549507314341,58.5417352158142,57.20679041168903,32.952189944974734,21.312605580062556,13.766522282058878,5.558046521492042,1.2577765786743584,0,
195,Residential & Commercial Buildings and Construction,Buildings - ,OECM  CO2,Buildings - Scope 3: Total CO2 (energy-only),3,[Mt CO2/a],22.58946968501398,23.153481348852562,20.12765539948944,23.303121928802966,15.572615767958021,8.665353466168273,3.848450982169922,1.1196607817391206,0.46252517625469325,0.008515558105816973,
196,Residential & Commercial Buildings and Construction,Buildings - ,Production Centric  GHG,Buildings - Scope 1: Total CO2 equivalent,1,[Mt CO2 equiv./a],20.409018600187185,20.94524793878128,17.559077889459246,20.73873118698229,14.746940497700127,8.4558192557618,3.9175502507913462,1.2274116229402852,0.5190696356739073,0.008515558105816973,
197,Residential & Commercial Buildings and Construction,Buildings - ,Production Centric  GHG,Buildings - Scope 2: Total CO2 equivalent,2,[Mt CO2 equiv./a],14.514267598307127,57.6549507314341,58.5417352158142,57.20679041168903,32.952189944974734,21.312605580062556,13.766522282058878,5.558046521492042,1.2577765786743584,0,
198,Residential & Commercial Buildings and Construction,Buildings - ,Production Centric  GHG,Buildings - Scope 3: Total CO2 equivalent,3,[Mt CO2 equiv./a],0.0,0,0.0,0.0,0,0,0,0,0,0,
199,Residential & Commercial Buildings and Construction,Buildings - ,Production Centric  CO2,Buildings - Scope 1: Total CO2 (energy-only),1,[Mt CO2/a],24.619147883115872,25.273268994636478,21.911090263898217,25.014449876374467,16.861369620952708,9.664192804293277,4.397096801572938,1.29037269567411,0.5204438828130309,0.008515558105816973,
200,Residential & Commercial Buildings and Construction,Buildings - ,Production Centric  CO2,Buildings - Scope 2: Total CO2 (energy-only),2,[Mt CO2/a],14.514267598307127,57.6549507314341,58.5417352158142,57.20679041168903,32.952189944974734,21.312605580062556,13.766522282058878,5.558046521492042,1.2577765786743584,0,
201,Residential & Commercial Buildings and Construction,Buildings - ,Production Centric  CO2,Buildings - Scope 3: Total CO2 (energy-only),3,[Mt CO2/a],0.0,0,0.0,0.0,0,0,0,0,0,0,
202,Residential & Commercial Buildings and Construction,Buildings total CO2 emissions (excluding electricity (,Total,Buildings total CO2 emissions (excluding electricity (Scope 2) - heating only but excluding electricity heating,Total,[Mt CO2/a],19.986799033150795,17.413161748433104,19.56537261446921,17.708994408261958,13.005205742866638,9.657195043757655,7.920243501527674,4.757344959879306,1.2398835325668585,0,
203,Total Materials / Steel,Materials / Steel - ,OECM  GHG,Materials / Steel - Scope 1: Total CO2 equivalent,1,[Mt CO2 equiv./a],8.729331756463212,8.708169124792954,7.009707834760963,8.566883630585242,4.087213448758893,3.284515604833409,1.328294586112896,0.6568566603163973,0.2065459329204808,0,x
204,Total Materials / Steel,Materials / Steel - ,OECM  GHG,Materials / Steel - Scope 2: Total CO2 equivalent,2,[Mt CO2 equiv./a],2.6323700066736704,2.6750112699341755,2.0340024768170837,11.209216472486382,6.808470138406504,3.030100542817502,0.7288623110026673,0.01832338620581444,0,0,x
205,Total Materials / Steel,Materials / Steel - ,OECM  GHG,Materials / Steel - Scope 3: Total CO2 equivalent,3,[Mt CO2 equiv./a],11.727801439443361,11.7483968812324,9.338044135072476,9.522465609194999,11.280915040426324,6.680266245489601,2.128145037517893,0.7475961600476243,0.23057114117519015,0.2597168055066594,x
206,Total Materials / Steel,Materials / Steel - ,OECM  CO2,Materials / Steel - Scope 1: Total CO2 (energy-only),1,[Mt CO2/a],8.729331756463212,8.708169124792954,7.009707834760963,8.566883630585242,4.087213448758893,3.284515604833409,1.328294586112896,0.6568566603163973,0.2065459329204808,0,
207,Total Materials / Steel,Materials / Steel - ,OECM  CO2,Materials / Steel - Scope 2: Total CO2 (energy-only),2,[Mt CO2/a],2.6323700066736704,2.6750112699341755,2.0340024768170837,11.209216472486382,6.808470138406504,3.030100542817502,0.7288623110026673,0.01832338620581444,0,0,
208,Total Materials / Steel,Materials / Steel - ,OECM  CO2,Materials / Steel - Scope 3: Total CO2 (energy-only),3,[Mt CO2/a],11.727801439443361,11.7483968812324,9.338044135072476,9.522465609194999,11.280915040426324,6.680266245489601,2.128145037517893,0.7475961600476243,0.23057114117519015,0.2597168055066594,
209,Total Materials / Steel,Materials / Steel - ,Production Centric  GHG,Materials / Steel - Scope 1: Total CO2 equivalent,1,[Mt CO2 equiv./a],20.45713319590657,20.456566006025355,16.34775196983344,18.08934923978024,15.368128489185217,9.96478185032301,3.4564396236307893,1.4044528203640216,0.4371170740956709,0.2597168055066594,
210,Total Materials / Steel,Materials / Steel - ,Production Centric  GHG,Materials / Steel - Scope 2: Total CO2 equivalent,2,[Mt CO2 equiv./a],12.246519726065625,12.470519430372155,11.095297167470392,10.985775323787802,11.603670101565669,7.4367193397248545,5.407021051450236,0.7894421305744295,0.021713602526132605,0,
211,Total Materials / Steel,Materials / Steel - ,Production Centric  GHG,Materials / Steel - Scope 3: Total CO2 equivalent,3,[Mt CO2 equiv./a],0.0,0,0.0,0.0,0,0,0,0,0,0,
212,Total Materials / Steel,Materials / Steel - ,Production Centric  CO2,Materials / Steel - Scope 1: Total CO2 (energy-only),1,[Mt CO2/a],20.45713319590657,20.456566006025355,16.34775196983344,18.08934923978024,15.368128489185217,9.96478185032301,3.4564396236307893,1.4044528203640216,0.4371170740956709,0.2597168055066594,
213,Total Materials / Steel,Materials / Steel - ,Production Centric  CO2,Materials / Steel - Scope 2: Total CO2 (energy-only),2,[Mt CO2/a],12.246519726065625,12.470519430372155,11.095297167470392,10.985775323787802,11.603670101565669,7.4367193397248545,5.407021051450236,0.7894421305744295,0.021713602526132605,0,
214,Total Materials / Steel,Materials / Steel - ,Production Centric  CO2,Materials / Steel - Scope 3: Total CO2 (energy-only),3,[Mt CO2/a],0.0,0,0.0,0.0,0,0,0,0,0,0,
215,Total Materials / Steel,Materials / Steel -,Total,Iron & Steel - total CO2 emissions (excluding electricity (Scope 2) and iron ore mining,Total,[Mt CO2/a],20.45713319590657,20.456566006025355,16.34775196983344,18.08934923978024,15.368128489185217,9.96478185032301,3.4564396236307893,1.4044528203640216,0.4371170740956709,0.2597168055066594,
216,Total Materials / Cement,Materials / Cement - ,OECM  GHG,Materials / Cement - Scope 1: Total CO2 equivalent,1,[Mt CO2 equiv./a],18.379340402085294,18.825460292997363,15.775643025050472,19.027403239410788,13.45818664470544,7.4569799176367955,3.36890443138833,1.0566997090052959,0.46115092911556965,0.008515558105816973,x
217,Total Materials / Cement,Materials / Cement - ,OECM  GHG,Materials / Cement - Scope 2: Total CO2 equivalent,2,[Mt CO2 equiv./a],4.210129282928686,4.3280210558552,4.352012374438972,4.2757186893921775,2.1144291232525814,1.2083735485314784,0.47954655078159153,0.06296107273382473,0.0013742471391235617,0,x
218,Total Materials / Cement,Materials / Cement - ,OECM  GHG,Materials / Cement - Scope 3: Total CO2 equivalent,3,[Mt CO2 equiv./a],25.704,25.942,27.880000000000003,28.764,29.4160560598125,28.38479843520935,27.282703280144652,26.106850678245035,24.854218417878158,23.521678687799735,x
219,Total Materials / Cement,Materials / Cement - ,OECM  CO2,Materials / Cement - Scope 1: Total CO2 (energy-only),1,[Mt CO2/a],18.379340402085294,18.825460292997363,15.775643025050472,19.027403239410788,13.45818664470544,7.4569799176367955,3.36890443138833,1.0566997090052959,0.46115092911556965,0.008515558105816973,x
220,Total Materials / Cement,Materials / Cement - ,OECM  CO2,Materials / Cement - Scope 2: Total CO2 (energy-only),2,[Mt CO2/a],4.210129282928686,4.3280210558552,4.352012374438972,4.2757186893921775,2.1144291232525814,1.2083735485314784,0.47954655078159153,0.06296107273382473,0.0013742471391235617,0,x
221,Total Materials / Cement,Materials / Cement - ,OECM  CO2,Materials / Cement - Scope 3: Total CO2 (energy-only),3,[Mt CO2/a],25.704,25.942,27.880000000000003,28.764,29.4160560598125,28.38479843520935,27.282703280144652,26.106850678245035,24.854218417878158,23.521678687799735,x
222,Total Materials / Cement,Materials / Cement - ,Production Centric  GHG,Materials / Cement - Scope 1: Total CO2 equivalent,1,[Mt CO2 equiv./a],44.0833404020853,44.76746029299736,43.65564302505047,47.79140323941078,42.87424270451794,35.84177835284615,30.651607711532982,27.163550387250332,25.315369346993727,23.53019424590555,x
223,Total Materials / Cement,Materials / Cement - ,Production Centric  GHG,Materials / Cement - Scope 2: Total CO2 equivalent,2,[Mt CO2 equiv./a],4.210129282928686,4.3280210558552,4.352012374438972,4.2757186893921775,2.1144291232525814,1.2083735485314784,0.47954655078159153,0.06296107273382473,0.0013742471391235617,0,x
224,Total Materials / Cement,Materials / Cement - ,Production Centric  GHG,Materials / Cement - Scope 3: Total CO2 equivalent,3,[Mt CO2 equiv./a],0.0,0,0.0,0.0,0,0,0,0,0,0,x
225,Total Materials / Cement,Materials / Cement - ,Production Centric  CO2,Materials / Cement - Scope 1: Total CO2 (energy-only),1,[Mt CO2/a],44.0833404020853,44.76746029299736,43.65564302505047,47.79140323941078,42.87424270451794,35.84177835284615,30.651607711532982,27.163550387250332,25.315369346993727,23.53019424590555,x
226,Total Materials / Cement,Materials / Cement - ,Production Centric  CO2,Materials / Cement - Scope 2: Total CO2 (energy-only),2,[Mt CO2/a],4.210129282928686,4.3280210558552,4.352012374438972,4.2757186893921775,2.1144291232525814,1.2083735485314784,0.47954655078159153,0.06296107273382473,0.0013742471391235617,0,x
227,Total Materials / Cement,Materials / Cement - ,Production Centric  CO2,Materials / Cement - Scope 3: Total CO2 (energy-only),3,[Mt CO2/a],0.0,0,0.0,0.0,0,0,0,0,0,0,x
228,Total Materials / Cement,Materials / Cement -,Total,Cement - total CO2 emissions: excluding electricity and buildings emissions - including process emissions,Total,[Mt CO2/a],18.379340402085294,18.825460292997363,15.775643025050472,19.027403239410788,13.45818664470544,7.4569799176367955,3.36890443138833,1.0566997090052959,0.46115092911556965,0.008515558105816973,x
